contract,found vulnerablities,code_coverage,branch_coverage
./chy_data/regen_return_LETH/0x0d0edbcf2c0da25ac9a79c9466989e46a8f96221_1.sol,[],91.66666666666666,96.7741935483871
./chy_data/regen_return_LETH/0x7bd9084fdd5d021c226918d86c0721cb088b9b4a.sol,"[{""type"":""Unhandled exception "",""txs"":[{""multiSend(address,address[],uint256[])"":{""argtype"":[""address"",""address[]"",""uint256[]""],""argdata"":[""0xdeadbeefdeadbeefdeadbeefdeadbeefdeadbeef"",""['0xcafebabecafebabecafebabecafebabecafebabe', '0xdeadbeefdeadbeefdeadbeefdeadbeefdeadbeef']"",""[115792089237316195423570985008687907853269984665640564039457584007913129639933, 115792089237316195423570985008687907853269984665640564039457584007913129639935]""]}}],""pc"":725},{""type"":""Unhandled exception "",""txs"":[{""multiSendEth(address[],uint256[])"":{""argtype"":[""address[]"",""uint256[]""],""argdata"":[""['0xdeadbeefdeadbeefdeadbeefdeadbeefdeadbeef', '0xcafebabecafebabecafebabecafebabecafebabe']"",""[2, 0]""]}}],""pc"":1174}]",99.2094861660079,85.71428571428571
./chy_data/regen_return_LETH/0xd152f549545093347a162dce210e7293f1452150.sol,"[{""type"":""Unhandled exception "",""txs"":[{""disperseToken(address,address[],uint256[])"":{""argtype"":[""address"",""address[]"",""uint256[]""],""argdata"":[""0xffffffffffffffffffffffffffffffffffffffff"",""['0xdeadbeefdeadbeefdeadbeefdeadbeefdeadbeef', '0xcafebabecafebabecafebabecafebabecafebabe']"",""[1, 60396430498477926245437525060144804981820730156259867460209977593937043169365]""]}}],""pc"":1411},{""type"":""Unhandled exception "",""txs"":[{""disperseEther(address[],uint256[])"":{""argtype"":[""address[]"",""uint256[]""],""argdata"":[""['0xffffffffffffffffffffffffffffffffffffffff', '0xcafebabecafebabecafebabecafebabecafebabe']"",""[1, 2]""]}}],""pc"":1851},{""type"":""Leaking ether "",""txs"":[{""disperseEther(address[],uint256[])"":{""argtype"":[""address[]"",""uint256[]""],""argdata"":[""['0xdeadbeefdeadbeefdeadbeefdeadbeefdeadbeef']"",""[2]""]}}],""pc"":1851}]",85.74730354391372,77.27272727272727
./chy_data/regen_return_LETH/0x1c98eea5fe5e15d77feeabc0dfcfad32314fd481.sol,[],94.14316702819957,92.85714285714286
./chy_data/regen_return_LETH/0xa78a974b487357ad5c17a072dfee4d31b839b331_2.sol,[],98.95742832319722,92.98245614035088
