contract,found vulnerablities,code_coverage,branch_coverage
./chy_data/regen_return_unself/0x9ac4883b0226fb37fa362dbd76564c539c4f0ee6_1.sol,[],99.68051118210862,96.15384615384616
./chy_data/regen_return_unself/WalletLibrary.sol,"[{""type"":""Assertion failure"",""txs"":[{""owners(uint256)"":{""argtype"":[""uint256""],""argdata"":[""34073066039044248381794850719323961781897981556842726240719496079456093538818""]}}],""pc"":1000}]",43.45025053686471,51.24999999999999
./chy_data/regen_return_unself/0x0d0edbcf2c0da25ac9a79c9466989e46a8f96221_2.sol,"[{""type"":""Integer overflow "",""txs"":[{""placeBet(uint256,bytes32,uint256)"":{""argtype"":[""uint256"",""uint256"",""uint256""],""argdata"":[""96052593258901742435882053168962458278809180148720937316720833605659628027106"",""14836341524407827359439160977949641266464442994454185143504769340361891623309"",""115792089237316195423570985008687907853269984665640564039457584007913129639935""]}},{""placeBet(uint256,bytes32,uint256)"":{""argtype"":[""uint256"",""uint256"",""uint256""],""argdata"":[""96052593258901742435882053168962458278809180148720937316720833605659628027106"",""14836341524407827359439160977949641266464442994454185143504769340361891623309"",""115792089237316195423570985008687907853269984665640564039457584007913129639935""]}},{""playerBets(address)"":{""argtype"":[""address""],""argdata"":[""0xdeadbeefdeadbeefdeadbeefdeadbeefdeadbeef""]}}],""pc"":1651}]",97.63257575757575,97.14285714285714
./chy_data/regen_return_unself/0x0208a56ea43c3ff6c2611071948794c2674a16b9_2.sol,"[{""type"":""Locking ether "",""txs"":[{""00000000"":{""argtype"":[],""argdata"":[]}}],""pc"":186},{""type"":""Assertion failure"",""txs"":[{""transferOwnership(address)"":{""argtype"":[""address""],""argdata"":[""0xdeadbeefdeadbeefdeadbeefdeadbeefdeadbeef""]}},{""transferOwnership(address)"":{""argtype"":[""address""],""argdata"":[""0xdeadbeefdeadbeefdeadbeefdeadbeefdeadbeef""]}},{""owner()"":{""argtype"":[],""argdata"":[]}},{""transferOwnership(address)"":{""argtype"":[""address""],""argdata"":[""0xdeadbeefdeadbeefdeadbeefdeadbeefdeadbeef""]}},{""transferOwnership(address)"":{""argtype"":[""address""],""argdata"":[""0xdeadbeefdeadbeefdeadbeefdeadbeefdeadbeef""]}},{""owner()"":{""argtype"":[],""argdata"":[]}},{""mineToken(uint256)"":{""argtype"":[""uint256""],""argdata"":[""115792089237316195423570985008687907853269984665640564039457584007913129639933""]}}],""pc"":2010}]",99.84496124031008,95.94594594594594
./chy_data/regen_return_unself/0x0208a56ea43c3ff6c2611071948794c2674a16b9_1.sol,"[{""type"":""Assertion failure"",""txs"":[{""mineToken(uint256)"":{""argtype"":[""uint256""],""argdata"":[""97497554038711288258226055204120222724798243804691442556671365836108265316017""]}},{""mineToken(uint256)"":{""argtype"":[""uint256""],""argdata"":[""97497554038711288258226055204120222724798243804691442556671365836108265316017""]}},{""transferFrom(address,address,uint256)"":{""argtype"":[""address"",""address"",""uint256""],""argdata"":[""0xdeadbeefdeadbeefdeadbeefdeadbeefdeadbeef"",""0xdeadbeefdeadbeefdeadbeefdeadbeefdeadbeef"",""108711819358510881773483261501432580698391289395239549628322901732912981821023""]}},{""mineToken(uint256)"":{""argtype"":[""uint256""],""argdata"":[""97497554038711288258226055204120222724798243804691442556671365836108265316017""]}},{""mineToken(uint256)"":{""argtype"":[""uint256""],""argdata"":[""97497554038711288258226055204120222724798243804691442556671365836108265316017""]}},{""transferFrom(address,address,uint256)"":{""argtype"":[""address"",""address"",""uint256""],""argdata"":[""0xdeadbeefdeadbeefdeadbeefdeadbeefdeadbeef"",""0xdeadbeefdeadbeefdeadbeefdeadbeefdeadbeef"",""108711819358510881773483261501432580698391289395239549628322901732912981821023""]}},{""transferFrom(address,address,uint256)"":{""argtype"":[""address"",""address"",""uint256""],""argdata"":[""0xdeadbeefdeadbeefdeadbeefdeadbeefdeadbeef"",""0xdeadbeefdeadbeefdeadbeefdeadbeefdeadbeef"",""82564444789108280125665413832092192279435214318239060324092093601288509341863""]}}],""pc"":2236}]",97.60207388204796,88.75
./chy_data/regen_return_unself/0xb60e133dacf00b6f560909dc0a5311ae7f9a659b.sol,[],99.19028340080972,95.83333333333334
./chy_data/regen_return_unself/0x42e98f6ed27fc8f76118efb7d4fe9a254bf3bcc9_1.sol,[],98.99125756556826,93.26923076923077
./chy_data/regen_return_unself/0x860a8c64cbc7f9aac11428ef8df989f5770cda60_1.sol,"[{""type"":""Leaking ether "",""txs"":[{""transferOwner(address)"":{""argtype"":[""address""],""argdata"":[""0xdeadbeefdeadbeefdeadbeefdeadbeefdeadbeef""]}},{""transferOwner(address)"":{""argtype"":[""address""],""argdata"":[""0xdeadbeefdeadbeefdeadbeefdeadbeefdeadbeef""]}},{""transferTokenToOwner(uint256)"":{""argtype"":[""uint256""],""argdata"":[""62031462149737070600604605923956447715829890785691339655735896796549981579440""]}},{""transferOwner(address)"":{""argtype"":[""address""],""argdata"":[""0xdeadbeefdeadbeefdeadbeefdeadbeefdeadbeef""]}},{""transferOwner(address)"":{""argtype"":[""address""],""argdata"":[""0xdeadbeefdeadbeefdeadbeefdeadbeefdeadbeef""]}},{""transferTokenToOwner(uint256)"":{""argtype"":[""uint256""],""argdata"":[""62031462149737070600604605923956447715829890785691339655735896796549981579440""]}},{""transferEtherToOwner()"":{""argtype"":[],""argdata"":[]}}],""pc"":3454}]",90.35603180089872,88.05970149253731
