contract,found vulnerablities,code_coverage,branch_coverage
./data_completion/comple_ue/0xa1fceeff3acc57d257b917e30c4df661401d6431.sol,[],98.812351543943,79.16666666666666
./data_completion/comple_ue/0x19cf8481ea15427a98ba3cdd6d9e14690011ab10.sol,[],6.9495412844036695,15.527950310559005
./data_completion/comple_ue/0x3e013fc32a54c4c5b6991ba539dcd0ec4355c859.sol,"[{""type"":""Leaking ether "",""txs"":[{""multiplicate(address)"":{""argtype"":[""address""],""argdata"":[""0xdeadbeefdeadbeefdeadbeefdeadbeefdeadbeef""]}}],""pc"":308},{""type"":""Reentrancy "",""txs"":[{""Command(address,bytes)"":{""argtype"":[""address"",""bytes""],""argdata"":[""0xdeadbeefdeadbeefdeadbeefdeadbeefdeadbeef"",""bytearray(b'-')""]}}],""pc"":571}]",99.7624703087886,96.42857142857143
./data_completion/comple_ue/CreditDepositBank.sol,"[{""type"":""Unhandled exception "",""txs"":[{""00000000"":{""argtype"":[],""argdata"":[]}},{""00000000"":{""argtype"":[],""argdata"":[]}},{""withdraw(address)"":{""argtype"":[""address""],""argdata"":[""0xdeadbeefdeadbeefdeadbeefdeadbeefdeadbeef""]}}],""pc"":698},{""type"":""Transaction order dependency "",""txs"":[{""00000000"":{""argtype"":[],""argdata"":[]}},{""00000000"":{""argtype"":[],""argdata"":[]}},{""withdraw(address)"":{""argtype"":[""address""],""argdata"":[""0xdeadbeefdeadbeefdeadbeefdeadbeefdeadbeef""]}},{""00000000"":{""argtype"":[],""argdata"":[]}},{""00000000"":{""argtype"":[],""argdata"":[]}},{""withdraw(address)"":{""argtype"":[""address""],""argdata"":[""0xdeadbeefdeadbeefdeadbeefdeadbeefdeadbeef""]}},{""withdraw(address)"":{""argtype"":[""address""],""argdata"":[""0xdeadbeefdeadbeefdeadbeefdeadbeefdeadbeef""]}}],""pc"":462}]",85.92057761732852,90
./data_completion/comple_ue/CrowdSalePreICO.sol,"[{""type"":""Assertion failure"",""txs"":[{""priceList(uint256)"":{""argtype"":[""uint256""],""argdata"":[""115792089237316195423570985008687907853269984665640564039457584007913129639934""]}}],""pc"":1870},{""type"":""Block dependency "",""txs"":[{""setDAOAndMultiSig(address,address)"":{""argtype"":[""address"",""address""],""argdata"":[""0xcafebabecafebabecafebabecafebabecafebabe"",""0xdeadbeefdeadbeefdeadbeefdeadbeefdeadbeef""]}},{""setDAOAndMultiSig(address,address)"":{""argtype"":[""address"",""address""],""argdata"":[""0xcafebabecafebabecafebabecafebabecafebabe"",""0xdeadbeefdeadbeefdeadbeefdeadbeefdeadbeef""]}},{""finalize()"":{""argtype"":[],""argdata"":[]}}],""pc"":2160},{""type"":""Unhandled exception "",""txs"":[{""setDAOAndMultiSig(address,address)"":{""argtype"":[""address"",""address""],""argdata"":[""0xcafebabecafebabecafebabecafebabecafebabe"",""0xdeadbeefdeadbeefdeadbeefdeadbeefdeadbeef""]}},{""setDAOAndMultiSig(address,address)"":{""argtype"":[""address"",""address""],""argdata"":[""0xcafebabecafebabecafebabecafebabecafebabe"",""0xdeadbeefdeadbeefdeadbeefdeadbeefdeadbeef""]}},{""finalize()"":{""argtype"":[],""argdata"":[]}}],""pc"":2212}]",90.26425591098747,82.63157894736842
./data_completion/comple_ue/0x52d2e0f9b01101a59b38a3d05c80b7618aeed984.sol,[],95.94272076372316,88.23529411764706
./data_completion/comple_ue/0x4a66ad0bca2d700f11e1f2fc2c106f7d3264504c.sol,[],81.90045248868778,67.64705882352942
./data_completion/comple_ue/0xb0510d68f210b7db66e8c7c814f22680f2b8d1d6.sol,"[{""type"":""Unhandled exception "",""txs"":[{""fundPuppets()"":{""argtype"":[],""argdata"":[]}}],""pc"":511},{""type"":""Assertion failure"",""txs"":[{""puppets(uint256)"":{""argtype"":[""uint256""],""argdata"":[""48508485490722249778617005463017695594210915512514064407992894285577111989175""]}}],""pc"":378},{""type"":""Arbitrary memory access"",""txs"":[{""setExtra(uint256,address)"":{""argtype"":[""uint256"",""address""],""argdata"":[""57627555840256939642416521398022258212184109054732928333829009196733674464241"",""0xcafebabecafebabecafebabecafebabecafebabe""]}}],""pc"":711}]",62.43386243386243,66.21621621621621
./data_completion/comple_ue/BigRisk.sol,"[{""type"":""Locking ether "",""txs"":[{""enter()"":{""argtype"":[],""argdata"":[]}}],""pc"":152},{""type"":""Assertion failure"",""txs"":[{""persons(uint256)"":{""argtype"":[""uint256""],""argdata"":[""0""]}}],""pc"":659}]",99.76190476190476,97.22222222222221
./data_completion/comple_ue/0x07f7ecb66d788ab01dc93b9b71a88401de7d0f2e.sol,"[{""type"":""Unhandled exception "",""txs"":[{""OpenToThePublic()"":{""argtype"":[],""argdata"":[]}},{""OpenToThePublic()"":{""argtype"":[],""argdata"":[]}},{""wager()"":{""argtype"":[],""argdata"":[]}},{""OpenToThePublic()"":{""argtype"":[],""argdata"":[]}},{""OpenToThePublic()"":{""argtype"":[],""argdata"":[]}},{""wager()"":{""argtype"":[],""argdata"":[]}},{""donate()"":{""argtype"":[],""argdata"":[]}}],""pc"":1919}]",66.30602782071098,80
./data_completion/comple_ue/0x3a0e9acd953ffc0dd18d63603488846a6b8b2b01.sol,"[{""type"":""Unhandled exception "",""txs"":[{""WithdrawToken(address,uint256,address)"":{""argtype"":[""address"",""uint256"",""address""],""argdata"":[""0xdeadbeefdeadbeefdeadbeefdeadbeefdeadbeef"",""0"",""0xdeadbeefdeadbeefdeadbeefdeadbeefdeadbeef""]}}],""pc"":898}]",99.84101748807632,98.14814814814815
./data_completion/comple_ue/king_of_the_ether_throne.sol,"[{""type"":""Assertion failure"",""txs"":[{""pastMonarchs(uint256)"":{""argtype"":[""uint256""],""argdata"":[""10389705497123911731413422215271027668004872701185619952443697131027640449051""]}}],""pc"":1356},{""type"":""Unhandled exception "",""txs"":[{""claimThrone(string)"":{""argtype"":[""string""],""argdata"":[""""]}}],""pc"":676},{""type"":""Transaction order dependency "",""txs"":[{""claimThrone(string)"":{""argtype"":[""string""],""argdata"":[""AAAAAAAAAAAAAAAAAAAAAAAAAAAAAAAAA""]}},{""claimThrone(string)"":{""argtype"":[""string""],""argdata"":[""AAAAAAAAAAAAAAAAAAAAAAAAAAAAAAAAA""]}},{""00000000"":{""argtype"":[],""argdata"":[]}},{""claimThrone(string)"":{""argtype"":[""string""],""argdata"":[""AAAAAAAAAAAAAAAAAAAAAAAAAAAAAAAAA""]}},{""claimThrone(string)"":{""argtype"":[""string""],""argdata"":[""AAAAAAAAAAAAAAAAAAAAAAAAAAAAAAAAA""]}},{""00000000"":{""argtype"":[],""argdata"":[]}},{""claimThrone(string)"":{""argtype"":[""string""],""argdata"":[""AAAAAAAAAAAAAAAAAAAAAAAAAAAAAAAAA""]}}],""pc"":988},{""type"":""Unhandled exception "",""txs"":[{""transferOwnership(address)"":{""argtype"":[""address""],""argdata"":[""0xdeadbeefdeadbeefdeadbeefdeadbeefdeadbeef""]}},{""transferOwnership(address)"":{""argtype"":[""address""],""argdata"":[""0xdeadbeefdeadbeefdeadbeefdeadbeefdeadbeef""]}},{""sweepCommission(uint256)"":{""argtype"":[""uint256""],""argdata"":[""2""]}}],""pc"":1328}]",96.59815733522325,83.78378378378379
./data_completion/comple_ue/etherpot_lotto.sol,"[{""type"":""Block dependency "",""txs"":[{""calculateWinner(uint256,uint256)"":{""argtype"":[""uint256"",""uint256""],""argdata"":[""14749628708956164222429185765456734819496726213540959611275811755624140042452"",""1""]}}],""pc"":1419},{""type"":""Assertion failure"",""txs"":[{""getSubpot(uint256)"":{""argtype"":[""uint256""],""argdata"":[""13874513932604675779508348904333186663909582765772789218864371023886405883546""]}}],""pc"":1698},{""type"":""Assertion failure"",""txs"":[{""calculateWinner(uint256,uint256)"":{""argtype"":[""uint256"",""uint256""],""argdata"":[""3986006978773622414038422465845546665229344790726819980366630045019667431425"",""81840351947800458470669278168159608527938520305298842790164743914439781728449""]}}],""pc"":1470},{""type"":""Integer overflow "",""txs"":[{""calculateWinner(uint256,uint256)"":{""argtype"":[""uint256"",""uint256""],""argdata"":[""4523415787911529723009550211856740404955204602071768456622067635774631239732"",""92127418355757377067610107777777242477983947223977108525565968976256621940737""]}}],""pc"":1917}]",59.69209237228832,71.69811320754717
./data_completion/comple_ue/HelpMeSave.sol,"[{""type"":""Leaking ether "",""txs"":[{""MyTestWallet7()"":{""argtype"":[],""argdata"":[]}},{""MyTestWallet7()"":{""argtype"":[],""argdata"":[]}},{""withdraw()"":{""argtype"":[],""argdata"":[]}},{""MyTestWallet7()"":{""argtype"":[],""argdata"":[]}},{""MyTestWallet7()"":{""argtype"":[],""argdata"":[]}},{""withdraw()"":{""argtype"":[],""argdata"":[]}},{""withdraw()"":{""argtype"":[],""argdata"":[]}}],""pc"":530},{""type"":""Transaction order dependency "",""txs"":[{""MyTestWallet7()"":{""argtype"":[],""argdata"":[]}},{""MyTestWallet7()"":{""argtype"":[],""argdata"":[]}},{""withdraw()"":{""argtype"":[],""argdata"":[]}},{""MyTestWallet7()"":{""argtype"":[],""argdata"":[]}},{""MyTestWallet7()"":{""argtype"":[],""argdata"":[]}},{""withdraw()"":{""argtype"":[],""argdata"":[]}},{""withdraw()"":{""argtype"":[],""argdata"":[]}}],""pc"":486}]",97.51381215469614,91.66666666666666
./data_completion/comple_ue/0x663e4229142a27f00bafb5d087e1e730648314c3.sol,"[{""type"":""Assertion failure"",""txs"":[{""canBreedWith(uint256,uint256)"":{""argtype"":[""uint256"",""uint256""],""argdata"":[""2"",""1""]}}],""pc"":5824},{""type"":""Assertion failure"",""txs"":[{""isReadyToBreed(uint256)"":{""argtype"":[""uint256""],""argdata"":[""115792089237316195423570985008687907853269984665640564039457584007913129639933""]}}],""pc"":9670},{""type"":""Assertion failure"",""txs"":[{""isPregnant(uint256)"":{""argtype"":[""uint256""],""argdata"":[""1""]}}],""pc"":4589},{""type"":""Assertion failure"",""txs"":[{""cooldowns(uint256)"":{""argtype"":[""uint256""],""argdata"":[""115792089237316195423570985008687907853269984665640564039457584007913129639934""]}}],""pc"":9075},{""type"":""Assertion failure"",""txs"":[{""getWizzTypeOf(uint256)"":{""argtype"":[""uint256""],""argdata"":[""49067039044335042184955388839994053665365635052856588366403242622807794699470""]}}],""pc"":6345},{""type"":""Assertion failure"",""txs"":[{""getPanda(uint256)"":{""argtype"":[""uint256""],""argdata"":[""0""]}}],""pc"":3985}]",45.967822524233036,52.242744063324544
./data_completion/comple_ue/0x7d09edb07d23acb532a82be3da5c17d9d85806b4.sol,[],64.09395973154362,78.88888888888889
