contract,found vulnerablities,code_coverage,branch_coverage
./data_completion/comple_lock/LaolaiManage.sol,"[{""type"":""Locking ether "",""txs"":[{""judgeLaolai(string)"":{""argtype"":[""string""],""argdata"":[""AAAAAAAAAAAAAAAAAAAAAAAAAAAAAAAA""]}}],""pc"":228}]",93.71428571428572,80
./data_completion/comple_lock/Luck.sol,"[{""type"":""Assertion failure"",""txs"":[{""history(uint256)"":{""argtype"":[""uint256""],""argdata"":[""87515483608463144176043755943350856726386998050667709278850098593052883351857""]}}],""pc"":328}]",84.07960199004975,90
./data_completion/comple_lock/viewMessageNumPayable.sol,"[{""type"":""Locking ether "",""txs"":[{""setNewMessage(string)"":{""argtype"":[""string""],""argdata"":[""AAAAAAAAAAAAAAAAAAAAAAAAAAAAAAAAA""]}}],""pc"":372},{""type"":""Integer overflow "",""txs"":[{""setNewMessage2(string)"":{""argtype"":[""string""],""argdata"":[""A""]}}],""pc"":1163}]",98.43587069864442,91.07142857142857
./data_completion/comple_lock/InvitherB.sol,[],91.39784946236558,84.21052631578947
./data_completion/comple_lock/MiCon.sol,"[{""type"":""Locking ether "",""txs"":[{""buy()"":{""argtype"":[],""argdata"":[]}}],""pc"":392},{""type"":""Integer overflow "",""txs"":[{""MyCoin()"":{""argtype"":[],""argdata"":[]}},{""MyCoin()"":{""argtype"":[],""argdata"":[]}},{""mint(address,uint256)"":{""argtype"":[""address"",""uint256""],""argdata"":[""0xdeadbeefdeadbeefdeadbeefdeadbeefdeadbeef"",""115792089237316195423570985008687907853269984665640564039457584007913129639933""]}},{""MyCoin()"":{""argtype"":[],""argdata"":[]}},{""MyCoin()"":{""argtype"":[],""argdata"":[]}},{""mint(address,uint256)"":{""argtype"":[""address"",""uint256""],""argdata"":[""0xdeadbeefdeadbeefdeadbeefdeadbeefdeadbeef"",""115792089237316195423570985008687907853269984665640564039457584007913129639933""]}},{""owner()"":{""argtype"":[],""argdata"":[]}}],""pc"":743},{""type"":""Integer overflow "",""txs"":[{""MyCoin()"":{""argtype"":[],""argdata"":[]}},{""MyCoin()"":{""argtype"":[],""argdata"":[]}},{""mint(address,uint256)"":{""argtype"":[""address"",""uint256""],""argdata"":[""0xdeadbeefdeadbeefdeadbeefdeadbeefdeadbeef"",""115792089237316195423570985008687907853269984665640564039457584007913129639933""]}},{""MyCoin()"":{""argtype"":[],""argdata"":[]}},{""MyCoin()"":{""argtype"":[],""argdata"":[]}},{""mint(address,uint256)"":{""argtype"":[""address"",""uint256""],""argdata"":[""0xdeadbeefdeadbeefdeadbeefdeadbeefdeadbeef"",""115792089237316195423570985008687907853269984665640564039457584007913129639933""]}},{""owner()"":{""argtype"":[],""argdata"":[]}}],""pc"":757}]",94.90084985835693,85.18518518518519
./data_completion/comple_lock/TestQuery.sol,"[{""type"":""Locking ether "",""txs"":[{""lockforTransfer()"":{""argtype"":[],""argdata"":[]}}],""pc"":105}]",99.69879518072288,87.5
./data_completion/comple_lock/EtherWhuffieManager.sol,"[{""type"":""Locking ether "",""txs"":[{""sendPositiveWhuffies(address,string)"":{""argtype"":[""address"",""string""],""argdata"":[""0xdeadbeefdeadbeefdeadbeefdeadbeefdeadbeef"",""AAAAAAAAAAAAAAAAAAAAAAAAAAAAAAAAA""]}}],""pc"":266}]",99.79508196721312,88.88888888888889
./data_completion/comple_lock/TransferMoney.sol,"[{""type"":""Locking ether "",""txs"":[{""depositMoney(string)"":{""argtype"":[""string""],""argdata"":[""AAAAAAAAAAAAAAAAAAAAAAAAAAAAAAAAA""]}}],""pc"":207}]",99.47089947089947,91.66666666666666
./data_completion/comple_lock/SimpleMathTest003.sol,"[{""type"":""Assertion failure"",""txs"":[{""div(uint256,uint256)"":{""argtype"":[""uint256"",""uint256""],""argdata"":[""115792089237316195423570985008687907853269984665640564039457584007913129639935"",""0""]}}],""pc"":233},{""type"":""Locking ether "",""txs"":[{""add(uint256,uint256)"":{""argtype"":[""uint256"",""uint256""],""argdata"":[""105072129808254234177785340940645613259745741334589476752486404331138095545683"",""115792089237316195423570985008687907853269984665640564039457584007913129639933""]}}],""pc"":126}]",99.39393939393939,95
./data_completion/comple_lock/Bitway.sol,"[{""type"":""Locking ether "",""txs"":[{""00000000"":{""argtype"":[],""argdata"":[]}}],""pc"":205}]",83.8150289017341,88.75
./data_completion/comple_lock/D2GBToken.sol,"[{""type"":""Locking ether "",""txs"":[{""PayForFlag(string)"":{""argtype"":[""string""],""argdata"":[""AAAAAAAAAAAAAAAAAAAAAAAAAAAAAAAA""]}}],""pc"":427}]",99.4772218073189,95.45454545454545
./data_completion/comple_lock/CertifiedDocuments.sol,"[{""type"":""Assertion failure"",""txs"":[{""ISANFilmArray(uint256)"":{""argtype"":[""uint256""],""argdata"":[""3351111934958835978964034078032551042801338648174843262792223884341512379341""]}}],""pc"":3982},{""type"":""Assertion failure"",""txs"":[{""ISANSubArray(bytes32,uint256)"":{""argtype"":[""uint256"",""uint256""],""argdata"":[""115792089237316195423570985008687907853269984665640564039457584007913129639935"",""1""]}}],""pc"":1818},{""type"":""Arbitrary memory access"",""txs"":[{""createSubtitle(bytes32,bytes32,string,string,string,string,uint256)"":{""argtype"":[""uint256"",""uint256"",""bytes"",""bytes"",""bytes"",""bytes"",""uint256""],""argdata"":[""7654422307090467642171485768301054512295311745430064963848546926849819598807"",""115792089237316195423570985008687907853269984665640564039457584007913129639934"",""bytearray(b\""\\xe4\\xc8\\xcc\\xf3\\xc0\\xf5\\x91\\x9arY\\x87\u0026\\xf5\\xd8\\\\C\\x84\\xd4+\\xd0\\xdf\\x03\\x8e\\r\\xea\\xc5\\x05\\x96\\'\\x81\\xdcA\\x97\"")"",""bytearray(b\""\\xf9\\'\\xe2Z\\x08HQ\\xac\\x1d\\x8b\\x8c\\x00\\xfe\\xb4\\x1d\\x93\\x1aT\\xc7\\xb4\\x91\\'\\xeb\\x16\\xb2\\xf7n\\x1a\\x03\\xed\\x08\\xb4\"")"",""bytearray(b'\\x9d')"",""bytearray(b'')"",""74541312164843336105599418356644150854819801833274172139968841403295210791363""]}}],""pc"":3576},{""type"":""Arbitrary memory access"",""txs"":[{""createSubtitle(bytes32,bytes32,string,string,string,string,uint256)"":{""argtype"":[""uint256"",""uint256"",""bytes"",""bytes"",""bytes"",""bytes"",""uint256""],""argdata"":[""7654422307090467642171485768301054512295311745430064963848546926849819598807"",""115792089237316195423570985008687907853269984665640564039457584007913129639934"",""bytearray(b\""\\xe4\\xc8\\xcc\\xf3\\xc0\\xf5\\x91\\x9arY\\x87\u0026\\xf5\\xd8\\\\C\\x84\\xd4+\\xd0\\xdf\\x03\\x8e\\r\\xea\\xc5\\x05\\x96\\'\\x81\\xdcA\\x97\"")"",""bytearray(b\""\\xf9\\'\\xe2Z\\x08HQ\\xac\\x1d\\x8b\\x8c\\x00\\xfe\\xb4\\x1d\\x93\\x1aT\\xc7\\xb4\\x91\\'\\xeb\\x16\\xb2\\xf7n\\x1a\\x03\\xed\\x08\\xb4\"")"",""bytearray(b'\\x9d')"",""bytearray(b'')"",""74541312164843336105599418356644150854819801833274172139968841403295210791363""]}}],""pc"":3700},{""type"":""Arbitrary memory access"",""txs"":[{""createSubtitle(bytes32,bytes32,string,string,string,string,uint256)"":{""argtype"":[""uint256"",""uint256"",""bytes"",""bytes"",""bytes"",""bytes"",""uint256""],""argdata"":[""7654422307090467642171485768301054512295311745430064963848546926849819598807"",""115792089237316195423570985008687907853269984665640564039457584007913129639934"",""bytearray(b\""\\xe4\\xc8\\xcc\\xf3\\xc0\\xf5\\x91\\x9arY\\x87\u0026\\xf5\\xd8\\\\C\\x84\\xd4+\\xd0\\xdf\\x03\\x8e\\r\\xea\\xc5\\x05\\x96\\'\\x81\\xdcA\\x97\"")"",""bytearray(b\""\\xf9\\'\\xe2Z\\x08HQ\\xac\\x1d\\x8b\\x8c\\x00\\xfe\\xb4\\x1d\\x93\\x1aT\\xc7\\xb4\\x91\\'\\xeb\\x16\\xb2\\xf7n\\x1a\\x03\\xed\\x08\\xb4\"")"",""bytearray(b'\\x9d')"",""bytearray(b'')"",""74541312164843336105599418356644150854819801833274172139968841403295210791363""]}}],""pc"":3738},{""type"":""Locking ether "",""txs"":[{""createSubtitle(bytes32,bytes32,string,string,string,string,uint256)"":{""argtype"":[""uint256"",""uint256"",""bytes"",""bytes"",""bytes"",""bytes"",""uint256""],""argdata"":[""0"",""115792089237316195423570985008687907853269984665640564039457584007913129639934"",""bytearray(b\""\\xe4\\xc8\\xcc\\xf3\\xc0\\xf5\\x91\\x9arY\\x87\u0026\\xf5\\xd8\\\\C\\x84\\xd4+\\xd0\\xdf\\x03\\x8e\\r\\xea\\xc5\\x05\\x96\\'\\x81\\xdcA\\x97\"")"",""bytearray(b\""\\xf9\\'\\xe2Z\\x08HQ\\xac\\x1d\\x8b\\x8c\\x00\\xfe\\xb4\\x1d\\x93\\x1aT\\xc7\\xb4\\x91\\'\\xeb\\x16\\xb2\\xf7n\\x1a\\x03\\xed\\x08\\xb4\"")"",""bytearray(b'\\x9d')"",""bytearray(b'')"",""1""]}}],""pc"":312},{""type"":""Arbitrary memory access"",""txs"":[{""createSubtitle(bytes32,bytes32,string,string,string,string,uint256)"":{""argtype"":[""uint256"",""uint256"",""bytes"",""bytes"",""bytes"",""bytes"",""uint256""],""argdata"":[""34157591407916999093774927357137843730222613824691554708864884921068259336585"",""115792089237316195423570985008687907853269984665640564039457584007913129639935"",""bytearray(b\""\\xf9\\'\\xe2Z\\x08HQ\\xac\\x1d\\x8b\\x8c\\x00\\xfe\\xb4\\x1d\\x93\\x1aT\\xc7\\xb4\\x91\\'\\xeb\\x16\\xb2\\xf7n\\x1a\\x03\\xed\\x08\\xb4\"")"",""bytearray(b\""\\xe4\\xc8\\xcc\\xf3\\xc0\\xf5\\x91\\x9arY\\x87\u0026\\xf5\\xd8\\\\C\\x84\\xd4+\\xd0\\xdf\\x03\\x8e\\r\\xea\\xc5\\x05\\x96\\'\\x81\\xdcA\\x97\"")"",""bytearray(b\""\\xf9\\'\\xe2Z\\x08HQ\\xac\\x1d\\x8b\\x8c\\x00\\xfe\\xb4\\x1d\\x93\\x1aT\\xc7\\xb4\\x91\\'\\xeb\\x16\\xb2\\xf7n\\x1a\\x03\\xed\\x08\\xb4\"")"",""bytearray(b'')"",""48439745423413746337741643527317979393144810241628224380636573253869896026199""]}},{""createSubtitle(bytes32,bytes32,string,string,string,string,uint256)"":{""argtype"":[""uint256"",""uint256"",""bytes"",""bytes"",""bytes"",""bytes"",""uint256""],""argdata"":[""34157591407916999093774927357137843730222613824691554708864884921068259336585"",""115792089237316195423570985008687907853269984665640564039457584007913129639935"",""bytearray(b\""\\xf9\\'\\xe2Z\\x08HQ\\xac\\x1d\\x8b\\x8c\\x00\\xfe\\xb4\\x1d\\x93\\x1aT\\xc7\\xb4\\x91\\'\\xeb\\x16\\xb2\\xf7n\\x1a\\x03\\xed\\x08\\xb4\"")"",""bytearray(b\""\\xe4\\xc8\\xcc\\xf3\\xc0\\xf5\\x91\\x9arY\\x87\u0026\\xf5\\xd8\\\\C\\x84\\xd4+\\xd0\\xdf\\x03\\x8e\\r\\xea\\xc5\\x05\\x96\\'\\x81\\xdcA\\x97\"")"",""bytearray(b\""\\xf9\\'\\xe2Z\\x08HQ\\xac\\x1d\\x8b\\x8c\\x00\\xfe\\xb4\\x1d\\x93\\x1aT\\xc7\\xb4\\x91\\'\\xeb\\x16\\xb2\\xf7n\\x1a\\x03\\xed\\x08\\xb4\"")"",""bytearray(b'')"",""48439745423413746337741643527317979393144810241628224380636573253869896026199""]}},{""ISANSubArray(bytes32,uint256)"":{""argtype"":[""uint256"",""uint256""],""argdata"":[""49196937800665654622303249126311047228258192707333073872132393313341715951165"",""115792089237316195423570985008687907853269984665640564039457584007913129639935""]}}],""pc"":4060}]",75.36231884057972,56.62650602409639
