contract,found vulnerablities,code_coverage,branch_coverage
./data_completion/comple_LETH/0x1c98eea5fe5e15d77feeabc0dfcfad32314fd481.sol,"[{""type"":""Integer overflow "",""txs"":[{""getEtherForTokens(uint256)"":{""argtype"":[""uint256""],""argdata"":[""58664635546242365672666178554246716062583002260953053315459128875131474251809""]}}],""pc"":2332},{""type"":""Leaking ether "",""txs"":[{""getMeOutOfHere()"":{""argtype"":[],""argdata"":[]}}],""pc"":2214},{""type"":""Integer overflow "",""txs"":[{""sellMyTokensDaddy()"":{""argtype"":[],""argdata"":[]}}],""pc"":3205},{""type"":""Integer overflow "",""txs"":[{""sellMyTokensDaddy()"":{""argtype"":[],""argdata"":[]}}],""pc"":3218},{""type"":""Integer overflow "",""txs"":[{""buyPrice()"":{""argtype"":[],""argdata"":[]}}],""pc"":2926},{""type"":""Integer overflow "",""txs"":[{""buyPrice()"":{""argtype"":[],""argdata"":[]}}],""pc"":3095},{""type"":""Integer overflow "",""txs"":[{""getTokensForEther(uint256)"":{""argtype"":[""uint256""],""argdata"":[""115792089237316195423570985008687907853269984665640564039457584007913129639935""]}}],""pc"":1955}]",88.69847151459008,81.08108108108108
./data_completion/comple_LETH/0x7bd9084fdd5d021c226918d86c0721cb088b9b4a.sol,"[{""type"":""Unhandled exception "",""txs"":[{""multiSendEth(address[])"":{""argtype"":[""address[]""],""argdata"":[""['0xdeadbeefdeadbeefdeadbeefdeadbeefdeadbeef', '0xdeadbeefdeadbeefdeadbeefdeadbeefdeadbeef']""]}}],""pc"":618}]",97.58454106280193,82.14285714285714
./data_completion/comple_LETH/0x0d0edbcf2c0da25ac9a79c9466989e46a8f96221_1.sol,"[{""type"":""Leaking ether "",""txs"":[{""withdrawFunds(address,uint256)"":{""argtype"":[""address"",""uint256""],""argdata"":[""0xdeadbeefdeadbeefdeadbeefdeadbeefdeadbeef"",""1""]}}],""pc"":3336},{""type"":""Unprotected selfdestruct"",""txs"":[{""kill()"":{""argtype"":[],""argdata"":[]}}],""pc"":2200}]",54.34990439770554,70.65217391304348
./data_completion/comple_LETH/0xf55a32f0107523c14027c4a1e6177cd7291395a0.sol,[],86.96343402225754,76.82926829268293
./data_completion/comple_LETH/0xd152f549545093347a162dce210e7293f1452150.sol,"[{""type"":""Assertion failure"",""txs"":[{""disperseTokenSimple(address,address[],uint256[])"":{""argtype"":[""address"",""address[]"",""uint256[]""],""argdata"":[""0xcafebabecafebabecafebabecafebabecafebabe"",""['0xdeadbeefdeadbeefdeadbeefdeadbeefdeadbeef', '0xcafebabecafebabecafebabecafebabecafebabe']"",""[]""]}}],""pc"":281},{""type"":""Assertion failure"",""txs"":[{""disperseToken(address,address[],uint256[])"":{""argtype"":[""address"",""address[]"",""uint256[]""],""argdata"":[""0xdeadbeefdeadbeefdeadbeefdeadbeefdeadbeef"",""['0xdeadbeefdeadbeefdeadbeefdeadbeefdeadbeef', '0xdeadbeefdeadbeefdeadbeefdeadbeefdeadbeef']"",""[1]""]}}],""pc"":490},{""type"":""Unhandled exception "",""txs"":[{""disperseToken(address,address[],uint256[])"":{""argtype"":[""address"",""address[]"",""uint256[]""],""argdata"":[""0xcafebabecafebabecafebabecafebabecafebabe"",""['0xcafebabecafebabecafebabecafebabecafebabe', '0xcafebabecafebabecafebabecafebabecafebabe']"",""[2, 43389452231705874320644687787025412429106088161450625905086033780490578440697]""]}}],""pc"":839},{""type"":""Leaking ether "",""txs"":[{""disperseEther(address[],uint256[])"":{""argtype"":[""address[]"",""uint256[]""],""argdata"":[""['0xdeadbeefdeadbeefdeadbeefdeadbeefdeadbeef']"",""[102507670111222081803629299940482453157997926945590181514005461612613738384048]""]}}],""pc"":1016}]",95.98445595854922,80.64516129032258
