contract,found vulnerablities,code_coverage,branch_coverage
./data_completion/comple_unself/0x0208a56ea43c3ff6c2611071948794c2674a16b9_2.sol,"[{""type"":""Unprotected selfdestruct"",""txs"":[{""kill()"":{""argtype"":[],""argdata"":[]}}],""pc"":1635}]",99.79757085020243,96.07843137254902
./data_completion/comple_unself/0x0208a56ea43c3ff6c2611071948794c2674a16b9_1.sol,"[{""type"":""Unprotected selfdestruct"",""txs"":[{""kill()"":{""argtype"":[],""argdata"":[]}}],""pc"":1660}]",95.31348955034832,94.33962264150944
./data_completion/comple_unself/0x9ac4883b0226fb37fa362dbd76564c539c4f0ee6_1.sol,"[{""type"":""Arbitrary memory access"",""txs"":[{""setParentContract(address,bool)"":{""argtype"":[""uint160"",""bool""],""argdata"":[""1122763952440666077563167984653152317686751843790"",""True""]}}],""pc"":2305},{""type"":""Arbitrary memory access"",""txs"":[{""setReferrerPercent(address,uint256)"":{""argtype"":[""uint160"",""uint256""],""argdata"":[""850819405118128100152748393493325531880862133175"",""74252507476158600484225635263695049348558547566200518972269103607096603940047""]}}],""pc"":1470},{""type"":""Unprotected selfdestruct"",""txs"":[{""finish()"":{""argtype"":[],""argdata"":[]}}],""pc"":3273}]",79.23779277491067,77.84810126582279
./data_completion/comple_unself/0xfbfa60a21b423cb364de616a37464b61c1bc4c88_1.sol,"[{""type"":""Block dependency "",""txs"":[{""setCroupier(address)"":{""argtype"":[""address""],""argdata"":[""0xdeadbeefdeadbeefdeadbeefdeadbeefdeadbeef""]}},{""setCroupier(address)"":{""argtype"":[""address""],""argdata"":[""0xdeadbeefdeadbeefdeadbeefdeadbeefdeadbeef""]}},{""settleBetUncleMerkleProof(uint256,uint40)"":{""argtype"":[""uint256"",""uint40""],""argdata"":[""8549234572821534344300593975078435010988809887217569252564974319254370057976"",""871276283520""]}},{""setCroupier(address)"":{""argtype"":[""address""],""argdata"":[""0xdeadbeefdeadbeefdeadbeefdeadbeefdeadbeef""]}},{""setCroupier(address)"":{""argtype"":[""address""],""argdata"":[""0xdeadbeefdeadbeefdeadbeefdeadbeefdeadbeef""]}},{""settleBetUncleMerkleProof(uint256,uint40)"":{""argtype"":[""uint256"",""uint40""],""argdata"":[""8549234572821534344300593975078435010988809887217569252564974319254370057976"",""871276283520""]}},{""settleBet(uint256,bytes32)"":{""argtype"":[""uint256"",""bytes32""],""argdata"":[""78805960688861698615023122883069737357579416679211709180657849099648354759732"",""bytearray(b'\\xcc\\x10-\\x13\\xf2\\x82\\x8a\\x18\\xd3Jd\\x91\\xc2\\xb8@\\xfe')""]}}],""pc"":2811}]",44.4309437019036,51.30434782608696
./data_completion/comple_unself/0x95195adFb67f28AcFC07CE09eb496188527C0303_2.sol,"[{""type"":""Block dependency "",""txs"":[{""allocateEcoSystemDevelopmentAndOperationFund()"":{""argtype"":[],""argdata"":[]}},{""allocateEcoSystemDevelopmentAndOperationFund()"":{""argtype"":[],""argdata"":[]}},{""allocateTeamAndFounderFund()"":{""argtype"":[],""argdata"":[]}},{""allocateEcoSystemDevelopmentAndOperationFund()"":{""argtype"":[],""argdata"":[]}},{""allocateEcoSystemDevelopmentAndOperationFund()"":{""argtype"":[],""argdata"":[]}},{""allocateTeamAndFounderFund()"":{""argtype"":[],""argdata"":[]}},{""allocateTeamAndFounderFund()"":{""argtype"":[],""argdata"":[]}}],""pc"":3949}]",67.0182003742133,76.44927536231883
./data_completion/comple_unself/0x0d0edbcf2c0da25ac9a79c9466989e46a8f96221_2.sol,"[{""type"":""Unhandled exception "",""txs"":[{""withdrawFunds(address,uint256)"":{""argtype"":[""address"",""uint256""],""argdata"":[""0xcafebabecafebabecafebabecafebabecafebabe"",""1""]}}],""pc"":3262},{""type"":""Leaking ether "",""txs"":[{""setLeverage(uint256)"":{""argtype"":[""uint256""],""argdata"":[""19962438878768246684134178713202869389673037850266296123943080152270978754708""]}},{""setLeverage(uint256)"":{""argtype"":[""uint256""],""argdata"":[""19962438878768246684134178713202869389673037850266296123943080152270978754708""]}},{""withdrawFunds(address,uint256)"":{""argtype"":[""address"",""uint256""],""argdata"":[""0xdeadbeefdeadbeefdeadbeefdeadbeefdeadbeef"",""2""]}}],""pc"":3262}]",52.511651993785605,69.76744186046511
./data_completion/comple_unself/0x5f7bb27f7a4702ebce052745cddc1f567ec89e15_1.sol,[],55.77299412915851,62.585034013605444
./data_completion/comple_unself/0x860a8c64cbc7f9aac11428ef8df989f5770cda60_1.sol,"[{""type"":""Assertion failure"",""txs"":[{""increaseSupply(address,uint256,bool)"":{""argtype"":[""address"",""uint256"",""bool""],""argdata"":[""0xdeadbeefdeadbeefdeadbeefdeadbeefdeadbeef"",""115792089237316195423570985008687907853269984665640564039457584007913129639934"",""True""]}}],""pc"":8970}]",64.71516213847502,79.83193277310924
./data_completion/comple_unself/0x42e98f6ed27fc8f76118efb7d4fe9a254bf3bcc9_1.sol,"[{""type"":""Unprotected selfdestruct"",""txs"":[{""close()"":{""argtype"":[],""argdata"":[]}}],""pc"":1804},{""type"":""Assertion failure"",""txs"":[{""transferFrom(address,address,uint256)"":{""argtype"":[""address"",""address"",""uint256""],""argdata"":[""0xdeadbeefdeadbeefdeadbeefdeadbeefdeadbeef"",""0xdeadbeefdeadbeefdeadbeefdeadbeefdeadbeef"",""1""]}}],""pc"":3279},{""type"":""Block dependency "",""txs"":[{""getLockedAmount(address)"":{""argtype"":[""address""],""argdata"":[""0xcafebabecafebabecafebabecafebabecafebabe""]}}],""pc"":2385}]",72.49516441005802,77.08333333333334
./data_completion/comple_unself/WalletLibrary.sol,"[{""type"":""Assertion failure"",""txs"":[{""getOwner(uint256)"":{""argtype"":[""uint256""],""argdata"":[""115792089237316195423570985008687907853269984665640564039457584007913129639934""]}}],""pc"":3751},{""type"":""Unprotected selfdestruct"",""txs"":[{""initWallet(address[],uint256,uint256)"":{""argtype"":[""address[]"",""uint256"",""uint256""],""argdata"":[""['0xdeadbeefdeadbeefdeadbeefdeadbeefdeadbeef', '0xdeadbeefdeadbeefdeadbeefdeadbeefdeadbeef']"",""1"",""0""]}},{""initWallet(address[],uint256,uint256)"":{""argtype"":[""address[]"",""uint256"",""uint256""],""argdata"":[""['0xdeadbeefdeadbeefdeadbeefdeadbeefdeadbeef', '0xdeadbeefdeadbeefdeadbeefdeadbeefdeadbeef']"",""1"",""0""]}},{""kill(address)"":{""argtype"":[""address""],""argdata"":[""0xdeadbeefdeadbeefdeadbeefdeadbeefdeadbeef""]}}],""pc"":4006},{""type"":""Block dependency "",""txs"":[{""initMultiowned(address[],uint256)"":{""argtype"":[""address[]"",""uint256""],""argdata"":[""['0xdeadbeefdeadbeefdeadbeefdeadbeefdeadbeef', '0xdeadbeefdeadbeefdeadbeefdeadbeefdeadbeef']"",""115792089237316195423570985008687907853269984665640564039457584007913129639934""]}},{""initMultiowned(address[],uint256)"":{""argtype"":[""address[]"",""uint256""],""argdata"":[""['0xdeadbeefdeadbeefdeadbeefdeadbeefdeadbeef', '0xdeadbeefdeadbeefdeadbeefdeadbeefdeadbeef']"",""115792089237316195423570985008687907853269984665640564039457584007913129639934""]}},{""execute(address,uint256,bytes)"":{""argtype"":[""address"",""uint256"",""bytes""],""argdata"":[""0xdeadbeefdeadbeefdeadbeefdeadbeefdeadbeef"",""60002561411806578515381945283142418187847666869187356831597277301798389146863"",""bytearray(b'')""]}}],""pc"":2999},{""type"":""Reentrancy "",""txs"":[{""initMultiowned(address[],uint256)"":{""argtype"":[""address[]"",""uint256""],""argdata"":[""[]"",""0""]}},{""initMultiowned(address[],uint256)"":{""argtype"":[""address[]"",""uint256""],""argdata"":[""[]"",""0""]}},{""execute(address,uint256,bytes)"":{""argtype"":[""address"",""uint256"",""bytes""],""argdata"":[""0xcafebabecafebabecafebabecafebabecafebabe"",""2051162324164850409833317489099475574474312829064843358385328568727205164492"",""bytearray(b'\\x96\\xbbi$\\xcbS\\xa8\\x93W~\\x99\\xa1_7X\\x10#7\\x1eU{\\x85\\xa3\\xe7\\xf1\\x06T\\x1d\\xa4\\xf7\\xa1\\x1f')""]}}],""pc"":2196},{""type"":""Reentrancy "",""txs"":[{""initMultiowned(address[],uint256)"":{""argtype"":[""address[]"",""uint256""],""argdata"":[""[]"",""1""]}},{""initMultiowned(address[],uint256)"":{""argtype"":[""address[]"",""uint256""],""argdata"":[""[]"",""1""]}},{""execute(address,uint256,bytes)"":{""argtype"":[""address"",""uint256"",""bytes""],""argdata"":[""0xdeadbeefdeadbeefdeadbeefdeadbeefdeadbeef"",""115792089237316195423570985008687907853269984665640564039457584007913129639935"",""bytearray(b'')""]}}],""pc"":2809},{""type"":""Block dependency "",""txs"":[{""initMultiowned(address[],uint256)"":{""argtype"":[""address[]"",""uint256""],""argdata"":[""['0xcafebabecafebabecafebabecafebabecafebabe']"",""1""]}},{""initMultiowned(address[],uint256)"":{""argtype"":[""address[]"",""uint256""],""argdata"":[""['0xcafebabecafebabecafebabecafebabecafebabe']"",""1""]}},{""resetSpentToday()"":{""argtype"":[],""argdata"":[]}},{""initMultiowned(address[],uint256)"":{""argtype"":[""address[]"",""uint256""],""argdata"":[""['0xcafebabecafebabecafebabecafebabecafebabe']"",""1""]}},{""initMultiowned(address[],uint256)"":{""argtype"":[""address[]"",""uint256""],""argdata"":[""['0xcafebabecafebabecafebabecafebabecafebabe']"",""1""]}},{""resetSpentToday()"":{""argtype"":[],""argdata"":[]}},{""execute(address,uint256,bytes)"":{""argtype"":[""address"",""uint256"",""bytes""],""argdata"":[""0xcafebabecafebabecafebabecafebabecafebabe"",""1"",""bytearray(b'')""]}}],""pc"":5142}]",82.84747527329516,78.51851851851852
