contract,found vulnerablities,code_coverage,branch_coverage
./data_completion/comple_vulbd/governmental_survey.sol,"[{""type"":""Block dependency "",""txs"":[{""resetInvestment()"":{""argtype"":[],""argdata"":[]}}],""pc"":338},{""type"":""Block dependency "",""txs"":[{""resetInvestment()"":{""argtype"":[],""argdata"":[]}},{""resetInvestment()"":{""argtype"":[],""argdata"":[]}},{""invest()"":{""argtype"":[],""argdata"":[]}},{""resetInvestment()"":{""argtype"":[],""argdata"":[]}},{""resetInvestment()"":{""argtype"":[],""argdata"":[]}},{""invest()"":{""argtype"":[],""argdata"":[]}},{""lastInvestor()"":{""argtype"":[],""argdata"":[]}}],""pc"":632}]",99.69418960244649,96.875
./data_completion/comple_vulbd/313.sol,"[{""type"":""Assertion failure"",""txs"":[{""sellers(uint256)"":{""argtype"":[""uint256""],""argdata"":[""64153800782346438127693458568896553075981915609466162025490297492715367002684""]}}],""pc"":4576},{""type"":""Block dependency "",""txs"":[{""removeExpiredName(string)"":{""argtype"":[""string""],""argdata"":[""AAAAAAAAAAAAAAAAAAAAAAAAAAAAAAAAA""]}}],""pc"":4963}]",56.950593235346204,57.36434108527132
./data_completion/comple_vulbd/15.sol,"[{""type"":""Assertion failure"",""txs"":[{""transfer(address,uint256,bytes)"":{""argtype"":[""address"",""uint256"",""bytes""],""argdata"":[""0xcafebabecafebabecafebabecafebabecafebabe"",""1"",""bytearray(b\""\\xe9\\xe8yw[\\x05\\'\\xf3\\x03\\x97\\xabZYLbP\\x08\\xfa\\xcb1\\xee\\x8bG\\xab\\xddm\\x9a#9\\xa5\\x84z8\"")""]}}],""pc"":4949},{""type"":""Assertion failure"",""txs"":[{""increaseApproval(address,uint256)"":{""argtype"":[""address"",""uint256""],""argdata"":[""0xcafebabecafebabecafebabecafebabecafebabe"",""115792089237316195423570985008687907853269984665640564039457584007913129639935""]}},{""increaseApproval(address,uint256)"":{""argtype"":[""address"",""uint256""],""argdata"":[""0xcafebabecafebabecafebabecafebabecafebabe"",""115792089237316195423570985008687907853269984665640564039457584007913129639935""]}},{""allowance(address,address)"":{""argtype"":[""address"",""address""],""argdata"":[""0xcafebabecafebabecafebabecafebabecafebabe"",""0xdeadbeefdeadbeefdeadbeefdeadbeefdeadbeef""]}}],""pc"":4968}]",61.19101690638406,64.95726495726495
./data_completion/comple_vulbd/3711.sol,"[{""type"":""Block dependency "",""txs"":[{""getBlocksLeftInCurrentKick()"":{""argtype"":[],""argdata"":[]}}],""pc"":1562},{""type"":""Block dependency "",""txs"":[{""isGameActive()"":{""argtype"":[],""argdata"":[]}}],""pc"":1131},{""type"":""Block dependency "",""txs"":[{""sundown()"":{""argtype"":[],""argdata"":[]}}],""pc"":1227},{""type"":""Block dependency "",""txs"":[{""sunrise()"":{""argtype"":[],""argdata"":[]}},{""sunrise()"":{""argtype"":[],""argdata"":[]}},{""kickTheCoin()"":{""argtype"":[],""argdata"":[]}},{""sunrise()"":{""argtype"":[],""argdata"":[]}},{""sunrise()"":{""argtype"":[],""argdata"":[]}},{""kickTheCoin()"":{""argtype"":[],""argdata"":[]}},{""clear()"":{""argtype"":[],""argdata"":[]}}],""pc"":1042},{""type"":""Integer overflow "",""txs"":[{""changeOwner(address)"":{""argtype"":[""address""],""argdata"":[""0xdeadbeefdeadbeefdeadbeefdeadbeefdeadbeef""]}},{""changeOwner(address)"":{""argtype"":[""address""],""argdata"":[""0xdeadbeefdeadbeefdeadbeefdeadbeefdeadbeef""]}},{""changeGameParameters(uint256,uint256)"":{""argtype"":[""uint256"",""uint256""],""argdata"":[""1"",""115792089237316195423570985008687907853269984665640564039457584007913129639934""]}},{""changeOwner(address)"":{""argtype"":[""address""],""argdata"":[""0xdeadbeefdeadbeefdeadbeefdeadbeefdeadbeef""]}},{""changeOwner(address)"":{""argtype"":[""address""],""argdata"":[""0xdeadbeefdeadbeefdeadbeefdeadbeefdeadbeef""]}},{""changeGameParameters(uint256,uint256)"":{""argtype"":[""uint256"",""uint256""],""argdata"":[""1"",""115792089237316195423570985008687907853269984665640564039457584007913129639934""]}},{""00000000"":{""argtype"":[],""argdata"":[]}}],""pc"":1043},{""type"":""Block dependency "",""txs"":[{""getBlocksLeftInCurrentKick()"":{""argtype"":[],""argdata"":[]}}],""pc"":1580},{""type"":""Block dependency "",""txs"":[{""sundown()"":{""argtype"":[],""argdata"":[]}},{""sundown()"":{""argtype"":[],""argdata"":[]}},{""clear()"":{""argtype"":[],""argdata"":[]}}],""pc"":1423}]",93.82086167800453,92.85714285714286
./data_completion/comple_vulbd/8851.sol,"[{""type"":""Block dependency "",""txs"":[{""airdrop(address[],uint256)"":{""argtype"":[""address[]"",""uint256""],""argdata"":[""['0xcafebabecafebabecafebabecafebabecafebabe', '0xdeadbeefdeadbeefdeadbeefdeadbeefdeadbeef']"",""1""]}}],""pc"":3671},{""type"":""Block dependency "",""txs"":[{""airdrop(address[],uint256)"":{""argtype"":[""address[]"",""uint256""],""argdata"":[""['0xdeadbeefdeadbeefdeadbeefdeadbeefdeadbeef', '0xdeadbeefdeadbeefdeadbeefdeadbeefdeadbeef']"",""1""]}},{""airdrop(address[],uint256)"":{""argtype"":[""address[]"",""uint256""],""argdata"":[""['0xdeadbeefdeadbeefdeadbeefdeadbeefdeadbeef', '0xdeadbeefdeadbeefdeadbeefdeadbeefdeadbeef']"",""1""]}},{""transfer(address,uint256)"":{""argtype"":[""address"",""uint256""],""argdata"":[""0xcafebabecafebabecafebabecafebabecafebabe"",""0""]}}],""pc"":3301},{""type"":""Assertion failure"",""txs"":[{""airdrop(address[],uint256)"":{""argtype"":[""address[]"",""uint256""],""argdata"":[""['0xcafebabecafebabecafebabecafebabecafebabe', '0xdeadbeefdeadbeefdeadbeefdeadbeefdeadbeef']"",""77366201583212349145869439546658063866479481148736849090732216900278760265799""]}},{""airdrop(address[],uint256)"":{""argtype"":[""address[]"",""uint256""],""argdata"":[""['0xcafebabecafebabecafebabecafebabecafebabe', '0xdeadbeefdeadbeefdeadbeefdeadbeefdeadbeef']"",""77366201583212349145869439546658063866479481148736849090732216900278760265799""]}},{""lockup(address,uint256)"":{""argtype"":[""address"",""uint256""],""argdata"":[""0xdeadbeefdeadbeefdeadbeefdeadbeefdeadbeef"",""50023245525250966213297805247167546588654220043817804499046506896076864523720""]}},{""lockup(address,uint256)"":{""argtype"":[""address"",""uint256""],""argdata"":[""0xdeadbeefdeadbeefdeadbeefdeadbeefdeadbeef"",""50023245525250966213297805247167546588654220043817804499046506896076864523720""]}},{""airdrop(address[],uint256)"":{""argtype"":[""address[]"",""uint256""],""argdata"":[""[]"",""115792089237316195423570985008687907853269984665640564039457584007913129639933""]}}],""pc"":4182},{""type"":""Block dependency "",""txs"":[{""lockup(address,uint256)"":{""argtype"":[""address"",""uint256""],""argdata"":[""0xdeadbeefdeadbeefdeadbeefdeadbeefdeadbeef"",""5711624541558695407450567370595434723886456709339172476433821701279671488279""]}},{""lockup(address,uint256)"":{""argtype"":[""address"",""uint256""],""argdata"":[""0xdeadbeefdeadbeefdeadbeefdeadbeefdeadbeef"",""5711624541558695407450567370595434723886456709339172476433821701279671488279""]}},{""airdrop(address[],uint256)"":{""argtype"":[""address[]"",""uint256""],""argdata"":[""[]"",""0""]}},{""lockup(address,uint256)"":{""argtype"":[""address"",""uint256""],""argdata"":[""0xdeadbeefdeadbeefdeadbeefdeadbeefdeadbeef"",""5711624541558695407450567370595434723886456709339172476433821701279671488279""]}},{""lockup(address,uint256)"":{""argtype"":[""address"",""uint256""],""argdata"":[""0xdeadbeefdeadbeefdeadbeefdeadbeefdeadbeef"",""5711624541558695407450567370595434723886456709339172476433821701279671488279""]}},{""airdrop(address[],uint256)"":{""argtype"":[""address[]"",""uint256""],""argdata"":[""[]"",""0""]}},{""burn(address,uint256)"":{""argtype"":[""address"",""uint256""],""argdata"":[""0xcafebabecafebabecafebabecafebabecafebabe"",""0""]}}],""pc"":2842},{""type"":""Block dependency "",""txs"":[{""lockup(address,uint256)"":{""argtype"":[""address"",""uint256""],""argdata"":[""0xdeadbeefdeadbeefdeadbeefdeadbeefdeadbeef"",""1""]}},{""lockup(address,uint256)"":{""argtype"":[""address"",""uint256""],""argdata"":[""0xdeadbeefdeadbeefdeadbeefdeadbeefdeadbeef"",""1""]}},{""lockupOf(address)"":{""argtype"":[""address""],""argdata"":[""0xcafebabecafebabecafebabecafebabecafebabe""]}},{""lockup(address,uint256)"":{""argtype"":[""address"",""uint256""],""argdata"":[""0xdeadbeefdeadbeefdeadbeefdeadbeefdeadbeef"",""1""]}},{""lockup(address,uint256)"":{""argtype"":[""address"",""uint256""],""argdata"":[""0xdeadbeefdeadbeefdeadbeefdeadbeefdeadbeef"",""1""]}},{""lockupOf(address)"":{""argtype"":[""address""],""argdata"":[""0xcafebabecafebabecafebabecafebabecafebabe""]}},{""distribute(address[],uint256[])"":{""argtype"":[""address[]"",""uint256[]""],""argdata"":[""['0xdeadbeefdeadbeefdeadbeefdeadbeefdeadbeef']"",""[1048576]""]}}],""pc"":1930},{""type"":""Block dependency "",""txs"":[{""airdrop(address[],uint256)"":{""argtype"":[""address[]"",""uint256""],""argdata"":[""['0xcafebabecafebabecafebabecafebabecafebabe']"",""0""]}},{""airdrop(address[],uint256)"":{""argtype"":[""address[]"",""uint256""],""argdata"":[""['0xcafebabecafebabecafebabecafebabecafebabe']"",""0""]}},{""lockup(address,uint256)"":{""argtype"":[""address"",""uint256""],""argdata"":[""0xffffffffffffffffffffffffffffffffffffffff"",""2""]}},{""lockup(address,uint256)"":{""argtype"":[""address"",""uint256""],""argdata"":[""0xffffffffffffffffffffffffffffffffffffffff"",""2""]}},{""airdrop(address[],uint256)"":{""argtype"":[""address[]"",""uint256""],""argdata"":[""['0xcafebabecafebabecafebabecafebabecafebabe']"",""62027080004689500594516417730442793070689992162209072097394404189070899264745""]}}],""pc"":3517}]",82.30717185385656,81.11111111111111
./data_completion/comple_vulbd/738.sol,"[{""type"":""Assertion failure"",""txs"":[{""mint(address,uint256)"":{""argtype"":[""address"",""uint256""],""argdata"":[""0xcafebabecafebabecafebabecafebabecafebabe"",""115792089237316195423570985008687907853269984665640564039457584007913129639934""]}}],""pc"":5001}]",85.96660244059088,84.78260869565217
./data_completion/comple_vulbd/guess_the_random_number.sol,[],99.27007299270073,92.85714285714286
./data_completion/comple_vulbd/176.sol,[],65.3532907770196,66.85393258426966
./data_completion/comple_vulbd/3271.sol,"[{""type"":""Block dependency "",""txs"":[{""hodl()"":{""argtype"":[],""argdata"":[]}},{""hodl()"":{""argtype"":[],""argdata"":[]}},{""party()"":{""argtype"":[],""argdata"":[]}},{""hodl()"":{""argtype"":[],""argdata"":[]}},{""hodl()"":{""argtype"":[],""argdata"":[]}},{""party()"":{""argtype"":[],""argdata"":[]}},{""party()"":{""argtype"":[],""argdata"":[]}}],""pc"":194},{""type"":""Transaction order dependency "",""txs"":[{""party()"":{""argtype"":[],""argdata"":[]}},{""party()"":{""argtype"":[],""argdata"":[]}},{""hodl()"":{""argtype"":[],""argdata"":[]}},{""party()"":{""argtype"":[],""argdata"":[]}},{""party()"":{""argtype"":[],""argdata"":[]}},{""hodl()"":{""argtype"":[],""argdata"":[]}},{""party()"":{""argtype"":[],""argdata"":[]}}],""pc"":384}]",99.57081545064378,94.44444444444444
./data_completion/comple_vulbd/6370.sol,"[{""type"":""Block dependency "",""txs"":[{""releaseToken(uint256)"":{""argtype"":[""uint256""],""argdata"":[""2""]}}],""pc"":1101},{""type"":""Block dependency "",""txs"":[{""releaseToken(uint256)"":{""argtype"":[""uint256""],""argdata"":[""1""]}},{""releaseToken(uint256)"":{""argtype"":[""uint256""],""argdata"":[""1""]}},{""releasedTokenOf(address)"":{""argtype"":[""address""],""argdata"":[""0xdeadbeefdeadbeefdeadbeefdeadbeefdeadbeef""]}}],""pc"":1063},{""type"":""Block dependency "",""txs"":[{""releaseToken(uint256)"":{""argtype"":[""uint256""],""argdata"":[""3""]}},{""releaseToken(uint256)"":{""argtype"":[""uint256""],""argdata"":[""3""]}},{""releasedTokenOf(address)"":{""argtype"":[""address""],""argdata"":[""0xdeadbeefdeadbeefdeadbeefdeadbeefdeadbeef""]}}],""pc"":1134},{""type"":""Block dependency "",""txs"":[{""releaseToken(uint256)"":{""argtype"":[""uint256""],""argdata"":[""5""]}},{""releaseToken(uint256)"":{""argtype"":[""uint256""],""argdata"":[""5""]}},{""releasedTokenOf(address)"":{""argtype"":[""address""],""argdata"":[""0xdeadbeefdeadbeefdeadbeefdeadbeefdeadbeef""]}},{""releaseToken(uint256)"":{""argtype"":[""uint256""],""argdata"":[""5""]}},{""releaseToken(uint256)"":{""argtype"":[""uint256""],""argdata"":[""5""]}},{""releasedTokenOf(address)"":{""argtype"":[""address""],""argdata"":[""0xdeadbeefdeadbeefdeadbeefdeadbeefdeadbeef""]}},{""releasedTokenOf(address)"":{""argtype"":[""address""],""argdata"":[""0xcafebabecafebabecafebabecafebabecafebabe""]}}],""pc"":1200},{""type"":""Block dependency "",""txs"":[{""releaseToken(uint256)"":{""argtype"":[""uint256""],""argdata"":[""4""]}},{""releaseToken(uint256)"":{""argtype"":[""uint256""],""argdata"":[""4""]}},{""releasedTokenOf(address)"":{""argtype"":[""address""],""argdata"":[""0xdeadbeefdeadbeefdeadbeefdeadbeefdeadbeef""]}},{""releaseToken(uint256)"":{""argtype"":[""uint256""],""argdata"":[""4""]}},{""releaseToken(uint256)"":{""argtype"":[""uint256""],""argdata"":[""4""]}},{""releasedTokenOf(address)"":{""argtype"":[""address""],""argdata"":[""0xdeadbeefdeadbeefdeadbeefdeadbeefdeadbeef""]}},{""releasedTokenOf(address)"":{""argtype"":[""address""],""argdata"":[""0xdeadbeefdeadbeefdeadbeefdeadbeefdeadbeef""]}}],""pc"":1167},{""type"":""Unhandled exception "",""txs"":[{""releaseToken(uint256)"":{""argtype"":[""uint256""],""argdata"":[""4""]}},{""releaseToken(uint256)"":{""argtype"":[""uint256""],""argdata"":[""4""]}},{""releasedTokenOf(address)"":{""argtype"":[""address""],""argdata"":[""0xdeadbeefdeadbeefdeadbeefdeadbeefdeadbeef""]}},{""releaseToken(uint256)"":{""argtype"":[""uint256""],""argdata"":[""4""]}},{""releaseToken(uint256)"":{""argtype"":[""uint256""],""argdata"":[""4""]}},{""releasedTokenOf(address)"":{""argtype"":[""address""],""argdata"":[""0xdeadbeefdeadbeefdeadbeefdeadbeefdeadbeef""]}},{""releasedTokenOf(address)"":{""argtype"":[""address""],""argdata"":[""0xcafebabecafebabecafebabecafebabecafebabe""]}}],""pc"":2855}]",94.57459926017263,87.66233766233766
./data_completion/comple_vulbd/112.sol,[],74.63325183374083,78.46153846153847
./data_completion/comple_vulbd/1051.sol,"[{""type"":""Assertion failure"",""txs"":[{""0xb7009613"":{""argtype"":[""address"",""address"",""bytes4""],""argdata"":[""0xdeadbeefdeadbeefdeadbeefdeadbeefdeadbeef"",""0xcafebabecafebabecafebabecafebabecafebabe"",""bytearray(b'')""]}}],""pc"":342},{""type"":""Assertion failure"",""txs"":[{""freezingBalanceInfoOf(address,uint256)"":{""argtype"":[""address"",""uint256""],""argdata"":[""0xdeadbeefdeadbeefdeadbeefdeadbeefdeadbeef"",""115792089237316195423570985008687907853269984665640564039457584007913129639935""]}}],""pc"":3130}]",59.23202614379085,65.04065040650406
./data_completion/comple_vulbd/419.sol,[],89.013671875,91.04477611940298
./data_completion/comple_vulbd/roulette.sol,"[{""type"":""Block dependency "",""txs"":[{""00000000"":{""argtype"":[],""argdata"":[]}}],""pc"":96},{""type"":""Block dependency "",""txs"":[{""00000000"":{""argtype"":[],""argdata"":[]}},{""00000000"":{""argtype"":[],""argdata"":[]}},{""pastBlockTime()"":{""argtype"":[],""argdata"":[]}}],""pc"":85}]",69.53125,71.42857142857143
./data_completion/comple_vulbd/665.sol,"[{""type"":""Block dependency "",""txs"":[{""getAvailableTokensToWithdraw()"":{""argtype"":[],""argdata"":[]}}],""pc"":1473},{""type"":""Assertion failure"",""txs"":[{""stages(uint256)"":{""argtype"":[""uint256""],""argdata"":[""57896044618658097711785492504343953926634992332820282019728792003956564819968""]}}],""pc"":1155},{""type"":""Block dependency "",""txs"":[{""initializeVestingFor(address)"":{""argtype"":[""address""],""argdata"":[""0xcafebabecafebabecafebabecafebabecafebabe""]}},{""initializeVestingFor(address)"":{""argtype"":[""address""],""argdata"":[""0xcafebabecafebabecafebabecafebabecafebabe""]}},{""00000000"":{""argtype"":[],""argdata"":[]}},{""initializeVestingFor(address)"":{""argtype"":[""address""],""argdata"":[""0xcafebabecafebabecafebabecafebabecafebabe""]}},{""initializeVestingFor(address)"":{""argtype"":[""address""],""argdata"":[""0xcafebabecafebabecafebabecafebabecafebabe""]}},{""00000000"":{""argtype"":[],""argdata"":[]}},{""getAvailableTokensToWithdraw()"":{""argtype"":[],""argdata"":[]}}],""pc"":1413}]",96.68411867364746,89
./data_completion/comple_vulbd/238.sol,"[{""type"":""Assertion failure"",""txs"":[{""increaseSupply(uint256)"":{""argtype"":[""uint256""],""argdata"":[""115792089237316195423570985008687907853269984665640564039457584007913129639934""]}}],""pc"":2617},{""type"":""Integer overflow "",""txs"":[{""decreaseSupply(uint256)"":{""argtype"":[""uint256""],""argdata"":[""1""]}},{""decreaseSupply(uint256)"":{""argtype"":[""uint256""],""argdata"":[""1""]}},{""increaseSupply(uint256)"":{""argtype"":[""uint256""],""argdata"":[""67666958952083085567877300451782836316460646146969586282726980223642315192885""]}},{""decreaseSupply(uint256)"":{""argtype"":[""uint256""],""argdata"":[""1""]}},{""decreaseSupply(uint256)"":{""argtype"":[""uint256""],""argdata"":[""1""]}},{""increaseSupply(uint256)"":{""argtype"":[""uint256""],""argdata"":[""67666958952083085567877300451782836316460646146969586282726980223642315192885""]}},{""increaseSupply(uint256)"":{""argtype"":[""uint256""],""argdata"":[""115792089237316195423570985008687907853269984665640564039457584007913129639935""]}}],""pc"":2330}]",93.69259032455604,94.36619718309859
./data_completion/comple_vulbd/8314.sol,"[{""type"":""Assertion failure"",""txs"":[{""team(uint256)"":{""argtype"":[""uint256""],""argdata"":[""55971805059105986962079010732392140675240624597269753978633245704115128299505""]}}],""pc"":529},{""type"":""Block dependency "",""txs"":[{""addMembers(address[],uint256[])"":{""argtype"":[""address[]"",""uint256[]""],""argdata"":[""['0xcafebabecafebabecafebabecafebabecafebabe', '0xdeadbeefdeadbeefdeadbeefdeadbeefdeadbeef']"",""[115792089237316195423570985008687907853269984665640564039457584007913129639933, 115792089237316195423570985008687907853269984665640564039457584007913129639935]""]}},{""addMembers(address[],uint256[])"":{""argtype"":[""address[]"",""uint256[]""],""argdata"":[""['0xcafebabecafebabecafebabecafebabecafebabe', '0xdeadbeefdeadbeefdeadbeefdeadbeefdeadbeef']"",""[115792089237316195423570985008687907853269984665640564039457584007913129639933, 115792089237316195423570985008687907853269984665640564039457584007913129639935]""]}},{""releaseTokens()"":{""argtype"":[],""argdata"":[]}},{""addMembers(address[],uint256[])"":{""argtype"":[""address[]"",""uint256[]""],""argdata"":[""['0xcafebabecafebabecafebabecafebabecafebabe', '0xdeadbeefdeadbeefdeadbeefdeadbeefdeadbeef']"",""[115792089237316195423570985008687907853269984665640564039457584007913129639933, 115792089237316195423570985008687907853269984665640564039457584007913129639935]""]}},{""addMembers(address[],uint256[])"":{""argtype"":[""address[]"",""uint256[]""],""argdata"":[""['0xcafebabecafebabecafebabecafebabecafebabe', '0xdeadbeefdeadbeefdeadbeefdeadbeefdeadbeef']"",""[115792089237316195423570985008687907853269984665640564039457584007913129639933, 115792089237316195423570985008687907853269984665640564039457584007913129639935]""]}},{""releaseTokens()"":{""argtype"":[],""argdata"":[]}},{""team(uint256)"":{""argtype"":[""uint256""],""argdata"":[""104139589597246143644540188723477097125863981399911143888407895867634758980319""]}}],""pc"":832}]",97.50462107208872,85.8974358974359
./data_completion/comple_vulbd/246.sol,"[{""type"":""Assertion failure"",""txs"":[{""validDraws(address,uint256,uint256[])"":{""argtype"":[""address"",""uint256"",""uint256[]""],""argdata"":[""0xcafebabecafebabecafebabecafebabecafebabe"",""77657311445959835536569471684145067005297109045537539433616849342588112442078"",""[]""]}}],""pc"":11036},{""type"":""Assertion failure"",""txs"":[{""executeRuling(uint256)"":{""argtype"":[""uint256""],""argdata"":[""102984492846812050912745865277726462965128061735414295437359214391448095499172""]}}],""pc"":5317},{""type"":""Assertion failure"",""txs"":[{""getVoteRuling(uint256,uint256,uint256)"":{""argtype"":[""uint256"",""uint256"",""uint256""],""argdata"":[""115792089237316195423570985008687907853269984665640564039457584007913129639934"",""102022656778656407792142794301159373799255372119697093649218359226886253316473"",""89933469812971037585852239436428518967727834389686556291345998912366237625725""]}}],""pc"":8215},{""type"":""Assertion failure"",""txs"":[{""amountJurors(uint256)"":{""argtype"":[""uint256""],""argdata"":[""2262719326715490903930653055830458015568969023844227524751014777106955856598""]}}],""pc"":3412},{""type"":""Assertion failure"",""txs"":[{""appealCost(uint256,bytes)"":{""argtype"":[""uint256"",""bytes""],""argdata"":[""115792089237316195423570985008687907853269984665640564039457584007913129639934"",""bytearray(b'')""]}}],""pc"":10325},{""type"":""Assertion failure"",""txs"":[{""getWinningChoice(uint256,uint256)"":{""argtype"":[""uint256"",""uint256""],""argdata"":[""1"",""109812921738603933263649194702688711392581439464764031119164910940698077166329""]}}],""pc"":10073},{""type"":""Assertion failure"",""txs"":[{""getWinningCount(uint256,uint256)"":{""argtype"":[""uint256"",""uint256""],""argdata"":[""115792089237316195423570985008687907853269984665640564039457584007913129639933"",""115792089237316195423570985008687907853269984665640564039457584007913129639934""]}}],""pc"":10226},{""type"":""Assertion failure"",""txs"":[{""disputeStatus(uint256)"":{""argtype"":[""uint256""],""argdata"":[""2""]}}],""pc"":2996},{""type"":""Assertion failure"",""txs"":[{""currentRuling(uint256)"":{""argtype"":[""uint256""],""argdata"":[""67480175268193551487239945074906125818494801798041187584721547707413859779063""]}}],""pc"":3194},{""type"":""Assertion failure"",""txs"":[{""penalizeInactiveJuror(address,uint256,uint256[])"":{""argtype"":[""address"",""uint256"",""uint256[]""],""argdata"":[""0xcafebabecafebabecafebabecafebabecafebabe"",""115792089237316195423570985008687907853269984665640564039457584007913129639933"",""[]""]}}],""pc"":10447},{""type"":""Assertion failure"",""txs"":[{""getVoteCount(uint256,uint256,uint256)"":{""argtype"":[""uint256"",""uint256"",""uint256""],""argdata"":[""106424198589931880262662026245635203136582512343137804938970111452690980932148"",""115792089237316195423570985008687907853269984665640564039457584007913129639933"",""93912711311289569576369238322992989506147588983813959032597373588515506199262""]}}],""pc"":4755},{""type"":""Assertion failure"",""txs"":[{""disputes(uint256)"":{""argtype"":[""uint256""],""argdata"":[""115792089237316195423570985008687907853269984665640564039457584007913129639934""]}}],""pc"":4594},{""type"":""Assertion failure"",""txs"":[{""getVoteAccount(uint256,uint256,uint256)"":{""argtype"":[""uint256"",""uint256"",""uint256""],""argdata"":[""115792089237316195423570985008687907853269984665640564039457584007913129639934"",""1"",""2""]}}],""pc"":5177},{""type"":""Assertion failure"",""txs"":[{""isDrawn(uint256,address,uint256)"":{""argtype"":[""uint256"",""address"",""uint256""],""argdata"":[""115792089237316195423570985008687907853269984665640564039457584007913129639933"",""0xcafebabecafebabecafebabecafebabecafebabe"",""0""]}}],""pc"":4880},{""type"":""Assertion failure"",""txs"":[{""getLastSessionVote(uint256,address)"":{""argtype"":[""uint256"",""address""],""argdata"":[""1"",""0xdeadbeefdeadbeefdeadbeefdeadbeefdeadbeef""]}}],""pc"":8312},{""type"":""Assertion failure"",""txs"":[{""timePerPeriod(uint256)"":{""argtype"":[""uint256""],""argdata"":[""57896044618658097711785492504343953926634992332820282019728792003956564819968""]}}],""pc"":8373},{""type"":""Assertion failure"",""txs"":[{""createDispute(uint256,bytes)"":{""argtype"":[""uint256"",""bytes""],""argdata"":[""115792089237316195423570985008687907853269984665640564039457584007913129639933"",""bytearray(b'\\xfa')""]}},{""createDispute(uint256,bytes)"":{""argtype"":[""uint256"",""bytes""],""argdata"":[""115792089237316195423570985008687907853269984665640564039457584007913129639933"",""bytearray(b'\\xfa')""]}},{""getWinningCount(uint256,uint256)"":{""argtype"":[""uint256"",""uint256""],""argdata"":[""0"",""70671296945414900247519181530573021829691587066412676992899028477278482823517""]}}],""pc"":10256},{""type"":""Assertion failure"",""txs"":[{""createDispute(uint256,bytes)"":{""argtype"":[""uint256"",""bytes""],""argdata"":[""1"",""bytearray(b'')""]}},{""createDispute(uint256,bytes)"":{""argtype"":[""uint256"",""bytes""],""argdata"":[""1"",""bytearray(b'')""]}},{""getWinningCount(uint256,uint256)"":{""argtype"":[""uint256"",""uint256""],""argdata"":[""0"",""2""]}},{""createDispute(uint256,bytes)"":{""argtype"":[""uint256"",""bytes""],""argdata"":[""1"",""bytearray(b'')""]}},{""createDispute(uint256,bytes)"":{""argtype"":[""uint256"",""bytes""],""argdata"":[""1"",""bytearray(b'')""]}},{""getWinningCount(uint256,uint256)"":{""argtype"":[""uint256"",""uint256""],""argdata"":[""0"",""2""]}},{""getVoteAccount(uint256,uint256,uint256)"":{""argtype"":[""uint256"",""uint256"",""uint256""],""argdata"":[""2"",""0"",""115792089237316195423570985008687907853269984665640564039457584007913129639935""]}}],""pc"":5230},{""type"":""Assertion failure"",""txs"":[{""createDispute(uint256,bytes)"":{""argtype"":[""uint256"",""bytes""],""argdata"":[""0"",""bytearray(b'\\xfa')""]}},{""createDispute(uint256,bytes)"":{""argtype"":[""uint256"",""bytes""],""argdata"":[""0"",""bytearray(b'\\xfa')""]}},{""getWinningCount(uint256,uint256)"":{""argtype"":[""uint256"",""uint256""],""argdata"":[""1"",""115792089237316195423570985008687907853269984665640564039457584007913129639935""]}},{""createDispute(uint256,bytes)"":{""argtype"":[""uint256"",""bytes""],""argdata"":[""0"",""bytearray(b'\\xfa')""]}},{""createDispute(uint256,bytes)"":{""argtype"":[""uint256"",""bytes""],""argdata"":[""0"",""bytearray(b'\\xfa')""]}},{""getWinningCount(uint256,uint256)"":{""argtype"":[""uint256"",""uint256""],""argdata"":[""1"",""115792089237316195423570985008687907853269984665640564039457584007913129639935""]}},{""getVoteCount(uint256,uint256,uint256)"":{""argtype"":[""uint256"",""uint256"",""uint256""],""argdata"":[""1"",""115792089237316195423570985008687907853269984665640564039457584007913129639935"",""115792089237316195423570985008687907853269984665640564039457584007913129639934""]}}],""pc"":4785},{""type"":""Assertion failure"",""txs"":[{""createDispute(uint256,bytes)"":{""argtype"":[""uint256"",""bytes""],""argdata"":[""0"",""bytearray(b'')""]}},{""createDispute(uint256,bytes)"":{""argtype"":[""uint256"",""bytes""],""argdata"":[""0"",""bytearray(b'')""]}},{""getVoteAccount(uint256,uint256,uint256)"":{""argtype"":[""uint256"",""uint256"",""uint256""],""argdata"":[""2"",""57896044618658097711785492504343953926634992332820282019728792003956564819968"",""115792089237316195423570985008687907853269984665640564039457584007913129639935""]}},{""createDispute(uint256,bytes)"":{""argtype"":[""uint256"",""bytes""],""argdata"":[""0"",""bytearray(b'')""]}},{""createDispute(uint256,bytes)"":{""argtype"":[""uint256"",""bytes""],""argdata"":[""0"",""bytearray(b'')""]}},{""getVoteAccount(uint256,uint256,uint256)"":{""argtype"":[""uint256"",""uint256"",""uint256""],""argdata"":[""2"",""57896044618658097711785492504343953926634992332820282019728792003956564819968"",""115792089237316195423570985008687907853269984665640564039457584007913129639935""]}},{""getWinningCount(uint256,uint256)"":{""argtype"":[""uint256"",""uint256""],""argdata"":[""1"",""0""]}}],""pc"":5207}]",36.46745758953321,42.44712990936556
./data_completion/comple_vulbd/ether_lotto.sol,"[{""type"":""Locking ether "",""txs"":[{""play()"":{""argtype"":[],""argdata"":[]}}],""pc"":189}]",99.26470588235294,92.85714285714286
./data_completion/comple_vulbd/3060.sol,"[{""type"":""Block dependency "",""txs"":[{""release(address)"":{""argtype"":[""address""],""argdata"":[""0xcafebabecafebabecafebabecafebabecafebabe""]}},{""release(address)"":{""argtype"":[""address""],""argdata"":[""0xcafebabecafebabecafebabecafebabecafebabe""]}},{""lockAmounts(address)"":{""argtype"":[""address""],""argdata"":[""0xdeadbeefdeadbeefdeadbeefdeadbeefdeadbeef""]}}],""pc"":832}]",99.90186457311088,98.71794871794873
./data_completion/comple_vulbd/2861.sol,"[{""type"":""Block dependency "",""txs"":[{""addToVestMap(address,uint256,uint256,uint256,uint256)"":{""argtype"":[""address"",""uint256"",""uint256"",""uint256"",""uint256""],""argdata"":[""0xdeadbeefdeadbeefdeadbeefdeadbeefdeadbeef"",""84787789401043365087826738860263727343424959945693766926105592970124797844695"",""2"",""30389306843271478186317506029880609141832822954282780842635180752012110103088"",""35523561567986486104660361381331719458175884129642289270301560099534566911601""]}}],""pc"":3152},{""type"":""Assertion failure"",""txs"":[{""addToVestMap(address,uint256,uint256,uint256,uint256)"":{""argtype"":[""address"",""uint256"",""uint256"",""uint256"",""uint256""],""argdata"":[""0xdeadbeefdeadbeefdeadbeefdeadbeefdeadbeef"",""84787789401043365087826738860263727343424959945693766926105592970124797844695"",""0"",""115792089237316195423570985008687907853269984665640564039457584007913129639935"",""115792089237316195423570985008687907853269984665640564039457584007913129639935""]}},{""addToVestMap(address,uint256,uint256,uint256,uint256)"":{""argtype"":[""address"",""uint256"",""uint256"",""uint256"",""uint256""],""argdata"":[""0xdeadbeefdeadbeefdeadbeefdeadbeefdeadbeef"",""84787789401043365087826738860263727343424959945693766926105592970124797844695"",""0"",""115792089237316195423570985008687907853269984665640564039457584007913129639935"",""115792089237316195423570985008687907853269984665640564039457584007913129639935""]}},{""releasableAmount(address)"":{""argtype"":[""address""],""argdata"":[""0xdeadbeefdeadbeefdeadbeefdeadbeefdeadbeef""]}}],""pc"":4364}]",75.36638603055815,72.38095238095238
./data_completion/comple_vulbd/9560.sol,"[{""type"":""Assertion failure"",""txs"":[{""setAdPriceMultiple(uint256)"":{""argtype"":[""uint256""],""argdata"":[""21675105135365419341137602314476980455083580492749424801568636226843010097126""]}},{""setAdPriceMultiple(uint256)"":{""argtype"":[""uint256""],""argdata"":[""21675105135365419341137602314476980455083580492749424801568636226843010097126""]}},{""updateAd(uint256)"":{""argtype"":[""uint256""],""argdata"":[""70235712728846600817204445853181640495284513204720284134208985198253254786572""]}}],""pc"":1180},{""type"":""Block dependency "",""txs"":[{""updateAd(uint256)"":{""argtype"":[""uint256""],""argdata"":[""0""]}},{""updateAd(uint256)"":{""argtype"":[""uint256""],""argdata"":[""0""]}},{""getPurchaseTimestampEnds()"":{""argtype"":[],""argdata"":[]}}],""pc"":717},{""type"":""Assertion failure"",""txs"":[{""updateAd(uint256)"":{""argtype"":[""uint256""],""argdata"":[""0""]}},{""updateAd(uint256)"":{""argtype"":[""uint256""],""argdata"":[""0""]}},{""purchaseTimestamp()"":{""argtype"":[],""argdata"":[]}},{""updateAd(uint256)"":{""argtype"":[""uint256""],""argdata"":[""0""]}},{""updateAd(uint256)"":{""argtype"":[""uint256""],""argdata"":[""0""]}},{""purchaseTimestamp()"":{""argtype"":[],""argdata"":[]}},{""getPurchaseTimestampEnds()"":{""argtype"":[],""argdata"":[]}}],""pc"":1199}]",98.33971902937421,94.68085106382979
./data_completion/comple_vulbd/0.sol,"[{""type"":""Block dependency "",""txs"":[{""00000000"":{""argtype"":[],""argdata"":[]}}],""pc"":1395},{""type"":""Assertion failure"",""txs"":[{""addressArray(uint256)"":{""argtype"":[""uint256""],""argdata"":[""1""]}}],""pc"":1726},{""type"":""Leaking ether "",""txs"":[{""00000000"":{""argtype"":[],""argdata"":[]}},{""00000000"":{""argtype"":[],""argdata"":[]}},{""transferOwnership(address)"":{""argtype"":[""address""],""argdata"":[""0xcafebabecafebabecafebabecafebabecafebabe""]}}],""pc"":1282},{""type"":""Integer overflow "",""txs"":[{""changeConfig(uint32,uint256,uint8)"":{""argtype"":[""uint32"",""uint256"",""uint8""],""argdata"":[""2712878598"",""8261554163975656950972204827217667630093940830757902548974037735658386922828"",""20""]}},{""changeConfig(uint32,uint256,uint8)"":{""argtype"":[""uint32"",""uint256"",""uint8""],""argdata"":[""2712878598"",""8261554163975656950972204827217667630093940830757902548974037735658386922828"",""20""]}},{""setConfig()"":{""argtype"":[],""argdata"":[]}}],""pc"":2144},{""type"":""Integer overflow "",""txs"":[{""changeConfig(uint32,uint256,uint8)"":{""argtype"":[""uint32"",""uint256"",""uint8""],""argdata"":[""2712878598"",""8261554163975656950972204827217667630093940830757902548974037735658386922828"",""20""]}},{""changeConfig(uint32,uint256,uint8)"":{""argtype"":[""uint32"",""uint256"",""uint8""],""argdata"":[""2712878598"",""8261554163975656950972204827217667630093940830757902548974037735658386922828"",""20""]}},{""setConfig()"":{""argtype"":[],""argdata"":[]}}],""pc"":2159},{""type"":""Block dependency "",""txs"":[{""00000000"":{""argtype"":[],""argdata"":[]}},{""00000000"":{""argtype"":[],""argdata"":[]}},{""addressArray(uint256)"":{""argtype"":[""uint256""],""argdata"":[""1""]}},{""00000000"":{""argtype"":[],""argdata"":[]}},{""00000000"":{""argtype"":[],""argdata"":[]}},{""addressArray(uint256)"":{""argtype"":[""uint256""],""argdata"":[""1""]}},{""updateLock(bool)"":{""argtype"":[""bool""],""argdata"":[""True""]}}],""pc"":2680},{""type"":""Transaction order dependency "",""txs"":[{""00000000"":{""argtype"":[],""argdata"":[]}},{""00000000"":{""argtype"":[],""argdata"":[]}},{""changeConfig(uint32,uint256,uint8)"":{""argtype"":[""uint32"",""uint256"",""uint8""],""argdata"":[""4294967293"",""78261421876406535804019450000570319399174187168742266293368592335030264592627"",""75""]}},{""00000000"":{""argtype"":[],""argdata"":[]}},{""00000000"":{""argtype"":[],""argdata"":[]}},{""changeConfig(uint32,uint256,uint8)"":{""argtype"":[""uint32"",""uint256"",""uint8""],""argdata"":[""4294967293"",""78261421876406535804019450000570319399174187168742266293368592335030264592627"",""75""]}},{""00000000"":{""argtype"":[],""argdata"":[]}}],""pc"":500}]",83.31716779825412,74.50980392156863
./data_completion/comple_vulbd/lottery.sol,"[{""type"":""Block dependency "",""txs"":[{""makeBet()"":{""argtype"":[],""argdata"":[]}}],""pc"":183},{""type"":""Transaction order dependency "",""txs"":[{""makeBet()"":{""argtype"":[],""argdata"":[]}},{""makeBet()"":{""argtype"":[],""argdata"":[]}},{""getBets()"":{""argtype"":[],""argdata"":[]}},{""makeBet()"":{""argtype"":[],""argdata"":[]}},{""makeBet()"":{""argtype"":[],""argdata"":[]}},{""getBets()"":{""argtype"":[],""argdata"":[]}},{""makeBet()"":{""argtype"":[],""argdata"":[]}}],""pc"":259}]",98.89196675900277,87.5
./data_completion/comple_vulbd/6833.sol,[],76.5352539802881,80
./data_completion/comple_vulbd/347.sol,"[{""type"":""Block dependency "",""txs"":[{""hasClosed()"":{""argtype"":[],""argdata"":[]}}],""pc"":1485},{""type"":""Block dependency "",""txs"":[{""hasOpened()"":{""argtype"":[],""argdata"":[]}}],""pc"":1880},{""type"":""Block dependency "",""txs"":[{""closeRound()"":{""argtype"":[],""argdata"":[]}},{""closeRound()"":{""argtype"":[],""argdata"":[]}},{""00000000"":{""argtype"":[],""argdata"":[]}},{""closeRound()"":{""argtype"":[],""argdata"":[]}},{""closeRound()"":{""argtype"":[],""argdata"":[]}},{""00000000"":{""argtype"":[],""argdata"":[]}},{""00000000"":{""argtype"":[],""argdata"":[]}}],""pc"":2023}]",89.58462492250464,92.5925925925926
./data_completion/comple_vulbd/1704.sol,"[{""type"":""Assertion failure"",""txs"":[{""referralCodeAt(address,uint256)"":{""argtype"":[""address"",""uint256""],""argdata"":[""0xcafebabecafebabecafebabecafebabecafebabe"",""101386512810980507237441667676731945122992572512240917806653079520780450520142""]}}],""pc"":2503},{""type"":""Assertion failure"",""txs"":[{""goldenTicketPrice(uint256)"":{""argtype"":[""uint256""],""argdata"":[""115792089237316195423570985008687907853269984665640564039457584007913129639934""]}}],""pc"":4607},{""type"":""Integer overflow "",""txs"":[{""start(uint256,uint256)"":{""argtype"":[""uint256"",""uint256""],""argdata"":[""115792089237316195423570985008687907853269984665640564039457584007913129639933"",""31612350178697438755051832352161382304487363743877750928317819238988355729200""]}}],""pc"":3421},{""type"":""Block dependency "",""txs"":[{""start(uint256,uint256)"":{""argtype"":[""uint256"",""uint256""],""argdata"":[""59707062887229803909210817661527102433745667342208263452689645815167000248897"",""2""]}},{""start(uint256,uint256)"":{""argtype"":[""uint256"",""uint256""],""argdata"":[""59707062887229803909210817661527102433745667342208263452689645815167000248897"",""2""]}},{""buy(address,uint256)"":{""argtype"":[""address"",""uint256""],""argdata"":[""0xcafebabecafebabecafebabecafebabecafebabe"",""68""]}},{""start(uint256,uint256)"":{""argtype"":[""uint256"",""uint256""],""argdata"":[""59707062887229803909210817661527102433745667342208263452689645815167000248897"",""2""]}},{""start(uint256,uint256)"":{""argtype"":[""uint256"",""uint256""],""argdata"":[""59707062887229803909210817661527102433745667342208263452689645815167000248897"",""2""]}},{""buy(address,uint256)"":{""argtype"":[""address"",""uint256""],""argdata"":[""0xcafebabecafebabecafebabecafebabecafebabe"",""68""]}},{""start(uint256,uint256)"":{""argtype"":[""uint256"",""uint256""],""argdata"":[""57899579175505947829265132528689922548294828857002654778943354611674678034432"",""3036363259388264945346877969021877080886395936927986001025599442407665078834""]}}],""pc"":1936},{""type"":""Block dependency "",""txs"":[{""start(uint256,uint256)"":{""argtype"":[""uint256"",""uint256""],""argdata"":[""59707062887229803909210817661527102433745667342208263452689645815167000248897"",""2""]}},{""start(uint256,uint256)"":{""argtype"":[""uint256"",""uint256""],""argdata"":[""59707062887229803909210817661527102433745667342208263452689645815167000248897"",""2""]}},{""buy(address,uint256)"":{""argtype"":[""address"",""uint256""],""argdata"":[""0xcafebabecafebabecafebabecafebabecafebabe"",""68""]}},{""start(uint256,uint256)"":{""argtype"":[""uint256"",""uint256""],""argdata"":[""59707062887229803909210817661527102433745667342208263452689645815167000248897"",""2""]}},{""start(uint256,uint256)"":{""argtype"":[""uint256"",""uint256""],""argdata"":[""59707062887229803909210817661527102433745667342208263452689645815167000248897"",""2""]}},{""buy(address,uint256)"":{""argtype"":[""address"",""uint256""],""argdata"":[""0xcafebabecafebabecafebabecafebabecafebabe"",""68""]}},{""start(uint256,uint256)"":{""argtype"":[""uint256"",""uint256""],""argdata"":[""57899579175505947829265132528689922548294828857002654778943354611674678034432"",""3036363259388264945346877969021877080886395936927986001025599442407665078834""]}}],""pc"":1274}]",83.67938194109126,68.22429906542055
./data_completion/comple_vulbd/3185.sol,[],98.4251968503937,95.45454545454545
./data_completion/comple_vulbd/9221.sol,"[{""type"":""Block dependency "",""txs"":[{""bet()"":{""argtype"":[],""argdata"":[]}}],""pc"":630},{""type"":""Integer overflow "",""txs"":[{""own(address)"":{""argtype"":[""address""],""argdata"":[""0xdeadbeefdeadbeefdeadbeefdeadbeefdeadbeef""]}},{""own(address)"":{""argtype"":[""address""],""argdata"":[""0xdeadbeefdeadbeefdeadbeefdeadbeefdeadbeef""]}},{""releaseFunds(uint256)"":{""argtype"":[""uint256""],""argdata"":[""101325880995963013750592999658897678355464048103057019577489419898406278295300""]}}],""pc"":385},{""type"":""Reentrancy "",""txs"":[{""own(address)"":{""argtype"":[""address""],""argdata"":[""0xdeadbeefdeadbeefdeadbeefdeadbeefdeadbeef""]}},{""own(address)"":{""argtype"":[""address""],""argdata"":[""0xdeadbeefdeadbeefdeadbeefdeadbeefdeadbeef""]}},{""releaseFunds(uint256)"":{""argtype"":[""uint256""],""argdata"":[""101325880995963013750592999658897678355464048103057019577489419898406278295300""]}}],""pc"":395},{""type"":""Leaking ether "",""txs"":[{""unlock()"":{""argtype"":[],""argdata"":[]}},{""unlock()"":{""argtype"":[],""argdata"":[]}},{""own(address)"":{""argtype"":[""address""],""argdata"":[""0xdeadbeefdeadbeefdeadbeefdeadbeefdeadbeef""]}},{""unlock()"":{""argtype"":[],""argdata"":[]}},{""unlock()"":{""argtype"":[],""argdata"":[]}},{""own(address)"":{""argtype"":[""address""],""argdata"":[""0xdeadbeefdeadbeefdeadbeefdeadbeefdeadbeef""]}},{""releaseFunds(uint256)"":{""argtype"":[""uint256""],""argdata"":[""115792089237316195423570985008687907853269984665640564039457584007913129639934""]}}],""pc"":395},{""type"":""Transaction order dependency "",""txs"":[{""own(address)"":{""argtype"":[""address""],""argdata"":[""0xdeadbeefdeadbeefdeadbeefdeadbeefdeadbeef""]}},{""own(address)"":{""argtype"":[""address""],""argdata"":[""0xdeadbeefdeadbeefdeadbeefdeadbeefdeadbeef""]}},{""releaseFunds(uint256)"":{""argtype"":[""uint256""],""argdata"":[""115792089237316195423570985008687907853269984665640564039457584007913129639934""]}},{""own(address)"":{""argtype"":[""address""],""argdata"":[""0xdeadbeefdeadbeefdeadbeefdeadbeefdeadbeef""]}},{""own(address)"":{""argtype"":[""address""],""argdata"":[""0xdeadbeefdeadbeefdeadbeefdeadbeefdeadbeef""]}},{""releaseFunds(uint256)"":{""argtype"":[""uint256""],""argdata"":[""115792089237316195423570985008687907853269984665640564039457584007913129639934""]}},{""releaseFunds(uint256)"":{""argtype"":[""uint256""],""argdata"":[""115792089237316195423570985008687907853269984665640564039457584007913129639934""]}}],""pc"":545}]",88.6685552407932,83.33333333333334
./data_completion/comple_vulbd/8320.sol,"[{""type"":""Block dependency "",""txs"":[{""setPubEnd(uint256)"":{""argtype"":[""uint256""],""argdata"":[""0""]}},{""setPubEnd(uint256)"":{""argtype"":[""uint256""],""argdata"":[""0""]}},{""buy()"":{""argtype"":[],""argdata"":[]}},{""setPubEnd(uint256)"":{""argtype"":[""uint256""],""argdata"":[""0""]}},{""setPubEnd(uint256)"":{""argtype"":[""uint256""],""argdata"":[""0""]}},{""buy()"":{""argtype"":[],""argdata"":[]}},{""buy()"":{""argtype"":[],""argdata"":[]}}],""pc"":932},{""type"":""Leaking ether "",""txs"":[{""transferOwnership(address)"":{""argtype"":[""address""],""argdata"":[""0xdeadbeefdeadbeefdeadbeefdeadbeefdeadbeef""]}},{""transferOwnership(address)"":{""argtype"":[""address""],""argdata"":[""0xdeadbeefdeadbeefdeadbeefdeadbeefdeadbeef""]}},{""setPrice(uint256)"":{""argtype"":[""uint256""],""argdata"":[""106210999415880238101487756374329704696765086053827069228090683413815255670171""]}},{""transferOwnership(address)"":{""argtype"":[""address""],""argdata"":[""0xdeadbeefdeadbeefdeadbeefdeadbeefdeadbeef""]}},{""transferOwnership(address)"":{""argtype"":[""address""],""argdata"":[""0xdeadbeefdeadbeefdeadbeefdeadbeefdeadbeef""]}},{""setPrice(uint256)"":{""argtype"":[""uint256""],""argdata"":[""106210999415880238101487756374329704696765086053827069228090683413815255670171""]}},{""EMGwithdraw(uint256)"":{""argtype"":[""uint256""],""argdata"":[""1""]}}],""pc"":1659}]",71.13606340819022,81.15942028985508
./data_completion/comple_vulbd/7521.sol,"[{""type"":""Block dependency "",""txs"":[{""releasableAmount()"":{""argtype"":[],""argdata"":[]}}],""pc"":540},{""type"":""Block dependency "",""txs"":[{""releasableAmount()"":{""argtype"":[],""argdata"":[]}}],""pc"":606},{""type"":""Block dependency "",""txs"":[{""releasableAmount()"":{""argtype"":[],""argdata"":[]}}],""pc"":577}]",72.24606580829757,74.24242424242425
./data_completion/comple_vulbd/649.sol,"[{""type"":""Assertion failure"",""txs"":[{""transferOwnership(address)"":{""argtype"":[""address""],""argdata"":[""0x0000000000000000000000000000000000000000""]}},{""transferOwnership(address)"":{""argtype"":[""address""],""argdata"":[""0x0000000000000000000000000000000000000000""]}},{""addInvestor(address,uint256)"":{""argtype"":[""address"",""uint256""],""argdata"":[""0xcafebabecafebabecafebabecafebabecafebabe"",""115792089237316195423570985008687907853269984665640564039457584007913129639934""]}},{""transferOwnership(address)"":{""argtype"":[""address""],""argdata"":[""0x0000000000000000000000000000000000000000""]}},{""transferOwnership(address)"":{""argtype"":[""address""],""argdata"":[""0x0000000000000000000000000000000000000000""]}},{""addInvestor(address,uint256)"":{""argtype"":[""address"",""uint256""],""argdata"":[""0xcafebabecafebabecafebabecafebabecafebabe"",""115792089237316195423570985008687907853269984665640564039457584007913129639934""]}},{""tokenTotal()"":{""argtype"":[],""argdata"":[]}}],""pc"":1950},{""type"":""Block dependency "",""txs"":[{""setReleaseTime(uint256)"":{""argtype"":[""uint256""],""argdata"":[""115792089237316195423570985008687907853269984665640564039457584007913129639934""]}},{""setReleaseTime(uint256)"":{""argtype"":[""uint256""],""argdata"":[""115792089237316195423570985008687907853269984665640564039457584007913129639934""]}},{""release()"":{""argtype"":[],""argdata"":[]}},{""setReleaseTime(uint256)"":{""argtype"":[""uint256""],""argdata"":[""115792089237316195423570985008687907853269984665640564039457584007913129639934""]}},{""setReleaseTime(uint256)"":{""argtype"":[""uint256""],""argdata"":[""115792089237316195423570985008687907853269984665640564039457584007913129639934""]}},{""release()"":{""argtype"":[],""argdata"":[]}},{""addInvestor(address,uint256)"":{""argtype"":[""address"",""uint256""],""argdata"":[""0xdeadbeefdeadbeefdeadbeefdeadbeefdeadbeef"",""24955370694890803401091888090629936996413730838258816099518781522083615846358""]}}],""pc"":703},{""type"":""Block dependency "",""txs"":[{""setReleaseTime(uint256)"":{""argtype"":[""uint256""],""argdata"":[""1""]}},{""setReleaseTime(uint256)"":{""argtype"":[""uint256""],""argdata"":[""1""]}},{""release()"":{""argtype"":[],""argdata"":[]}},{""setReleaseTime(uint256)"":{""argtype"":[""uint256""],""argdata"":[""1""]}},{""setReleaseTime(uint256)"":{""argtype"":[""uint256""],""argdata"":[""1""]}},{""release()"":{""argtype"":[],""argdata"":[]}},{""addInvestor(address,uint256)"":{""argtype"":[""address"",""uint256""],""argdata"":[""0xcafebabecafebabecafebabecafebabecafebabe"",""67378374336250908019047967944534625826105057989394407094747544441190513840702""]}}],""pc"":748}]",88.98305084745762,80.9090909090909
./data_completion/comple_vulbd/129.sol,[],45.54411106135244,45.18072289156627
./data_completion/comple_vulbd/10186.sol,"[{""type"":""Assertion failure"",""txs"":[{""increaseApproval(address,uint256)"":{""argtype"":[""address"",""uint256""],""argdata"":[""0xcafebabecafebabecafebabecafebabecafebabe"",""115792089237316195423570985008687907853269984665640564039457584007913129639933""]}},{""increaseApproval(address,uint256)"":{""argtype"":[""address"",""uint256""],""argdata"":[""0xcafebabecafebabecafebabecafebabecafebabe"",""115792089237316195423570985008687907853269984665640564039457584007913129639933""]}},{""allowance(address,address)"":{""argtype"":[""address"",""address""],""argdata"":[""0xdeadbeefdeadbeefdeadbeefdeadbeefdeadbeef"",""0xdeadbeefdeadbeefdeadbeefdeadbeefdeadbeef""]}}],""pc"":5229},{""type"":""Block dependency "",""txs"":[{""releaseAll()"":{""argtype"":[],""argdata"":[]}},{""releaseAll()"":{""argtype"":[],""argdata"":[]}},{""freezeTo(address,uint256,uint64)"":{""argtype"":[""address"",""uint256"",""uint64""],""argdata"":[""0xdeadbeefdeadbeefdeadbeefdeadbeefdeadbeef"",""0"",""7581720362638728192""]}},{""releaseAll()"":{""argtype"":[],""argdata"":[]}},{""releaseAll()"":{""argtype"":[],""argdata"":[]}},{""freezeTo(address,uint256,uint64)"":{""argtype"":[""address"",""uint256"",""uint64""],""argdata"":[""0xdeadbeefdeadbeefdeadbeefdeadbeefdeadbeef"",""0"",""7581720362638728192""]}},{""balanceOf(address)"":{""argtype"":[""address""],""argdata"":[""0xcafebabecafebabecafebabecafebabecafebabe""]}}],""pc"":5237},{""type"":""Integer overflow "",""txs"":[{""getFreezing(address,uint256)"":{""argtype"":[""address"",""uint256""],""argdata"":[""0xcafebabecafebabecafebabecafebabecafebabe"",""115792089237316195423570985008687907853269984665640564039457584007913129639935""]}}],""pc"":1465}]",70.54865424430642,82.82828282828282
