contract,found vulnerablities,code_coverage,branch_coverage
./data_completion/comple_undel/Destroy.sol,"[{""type"":""Unsafe delegatecall "",""txs"":[{""delegatecall_selfdestruct(address)"":{""argtype"":[""address""],""argdata"":[""0xdeadbeefdeadbeefdeadbeefdeadbeefdeadbeef""]}}],""pc"":224}]",99.19354838709677,83.33333333333334
./data_completion/comple_undel/44311.sol,"[{""type"":""Unsafe delegatecall "",""txs"":[{""delegatecallSetN(address,uint256)"":{""argtype"":[""address"",""uint256""],""argdata"":[""0xcafebabecafebabecafebabecafebabecafebabe"",""2""]}}],""pc"":279}]",97.5609756097561,83.33333333333334
./data_completion/comple_undel/Parsec.sol,"[{""type"":""Unsafe delegatecall "",""txs"":[{""initialize(address,uint256)"":{""argtype"":[""address"",""uint256""],""argdata"":[""0xdeadbeefdeadbeefdeadbeefdeadbeefdeadbeef"",""35359393250996705730914729505982446046991652285757142387873716287727100000""]}},{""initialize(address,uint256)"":{""argtype"":[""address"",""uint256""],""argdata"":[""0xdeadbeefdeadbeefdeadbeefdeadbeefdeadbeef"",""35359393250996705730914729505982446046991652285757142387873716287727100000""]}},{""00000000"":{""argtype"":[],""argdata"":[]}},{""initialize(address,uint256)"":{""argtype"":[""address"",""uint256""],""argdata"":[""0xdeadbeefdeadbeefdeadbeefdeadbeefdeadbeef"",""35359393250996705730914729505982446046991652285757142387873716287727100000""]}},{""initialize(address,uint256)"":{""argtype"":[""address"",""uint256""],""argdata"":[""0xdeadbeefdeadbeefdeadbeefdeadbeefdeadbeef"",""35359393250996705730914729505982446046991652285757142387873716287727100000""]}},{""00000000"":{""argtype"":[],""argdata"":[]}},{""00000000"":{""argtype"":[],""argdata"":[]}}],""pc"":379}]",98.36956521739131,95
./data_completion/comple_undel/33741.sol,"[{""type"":""Unsafe delegatecall "",""txs"":[{""testcall(address)"":{""argtype"":[""address""],""argdata"":[""0xdeadbeefdeadbeefdeadbeefdeadbeefdeadbeef""]}}],""pc"":425},{""type"":""Assertion failure"",""txs"":[{""dtrade(address,uint8,uint8,uint256[],address[],bytes32[])"":{""argtype"":[""address"",""uint8"",""uint8"",""uint256[]"",""address[]"",""bytes32[]""],""argdata"":[""0xdeadbeefdeadbeefdeadbeefdeadbeefdeadbeef"",""0"",""11"",""[115792089237316195423570985008687907853269984665640564039457584007913129639935, 2]"",""['0xdeadbeefdeadbeefdeadbeefdeadbeefdeadbeef']"",""[]""]}}],""pc"":640},{""type"":""Assertion failure"",""txs"":[{""dtrade(address,uint8,uint8,uint256[],address[],bytes32[])"":{""argtype"":[""address"",""uint8"",""uint8"",""uint256[]"",""address[]"",""bytes32[]""],""argdata"":[""0xdeadbeefdeadbeefdeadbeefdeadbeefdeadbeef"",""20"",""104"",""[]"",""[]"",""[]""]}}],""pc"":590},{""type"":""Assertion failure"",""txs"":[{""dtrade(address,uint8,uint8,uint256[],address[],bytes32[])"":{""argtype"":[""address"",""uint8"",""uint8"",""uint256[]"",""address[]"",""bytes32[]""],""argdata"":[""0xdeadbeefdeadbeefdeadbeefdeadbeefdeadbeef"",""253"",""0"",""[]"",""['0xdeadbeefdeadbeefdeadbeefdeadbeefdeadbeef']"",""[bytearray(b\""l%\\xea\\xc3\\x0e\\x16\\x07\\xf5\\xafG:\\xeb\\x87\\x97\\xbc\\xe4\\n\\x8ci\\xbdm\\'\\xd7^`)0\\x8a\\x97s\\xb6\\xaf\""), bytearray(b'P\\xc6\\xdb\\xd7.\\x87\\xa8i\\xf33\\xed?\\xe3\\xe2o0s,\\xa7Sr?\\x18\\x9b\\xc9\\x83\\x13\\xfd\\x0e\\xd2r\\xac')]""]}}],""pc"":615}]",39.43127962085308,26.923076923076923
./data_completion/comple_undel/33799.sol,"[{""type"":""Assertion failure"",""txs"":[{""delegate_2x(address,uint256[],address[],bytes32[])"":{""argtype"":[""address"",""uint256[]"",""address[]"",""bytes32[]""],""argdata"":[""0xcafebabecafebabecafebabecafebabecafebabe"",""[]"",""['0xcafebabecafebabecafebabecafebabecafebabe']"",""[bytearray(b'\\xcfT*\\xa6/\\xf9\\xccOs\\xe4%8\\xa4\\x81m\\xa1\\x99\\xc7\\x07\\xdc\\x83\\xe1\\x942 \\t\\x87\\xc6A\\x15+\\xc2'), bytearray(b'\\xda\\x13\"":n\\x1d\\xe2\\xfb\\t\\x8ap)w\\xb5\\xa5\\x06\\xbc=\\x04\\xed\\xeb\\xec\\x94t\\xb8;\\x12\\t\\xd6\\xc0\\x8b\\x1b')]""]}}],""pc"":449},{""type"":""Assertion failure"",""txs"":[{""delegate_2x(address,uint256[],address[],bytes32[])"":{""argtype"":[""address"",""uint256[]"",""address[]"",""bytes32[]""],""argdata"":[""0xcafebabecafebabecafebabecafebabecafebabe"",""[107809808857088808031510959610332946450296984316718900225033883747134531465487, 1]"",""[]"",""[bytearray(b'f\\xf5a^J}\\xa2D_PX\\xb4\\xb1\\x1d\\xd69\\xb7wo=\\x11]e+\\x10#`\\xb2\\x1d\\xf4W\\xff')]""]}}],""pc"":424},{""type"":""Assertion failure"",""txs"":[{""delegate_2x(address,uint256[],address[],bytes32[])"":{""argtype"":[""address"",""uint256[]"",""address[]"",""bytes32[]""],""argdata"":[""0xcafebabecafebabecafebabecafebabecafebabe"",""[53146931419057843633549371906254367007638600528983461869927847606234482604150]"",""['0xcafebabecafebabecafebabecafebabecafebabe']"",""[bytearray(b'\\x05^\\xdb\u0026Qw\\x16\\xb6\\n\\xc1\\x8aoO1\\xaa\\xe4\\xfb\\x99\\xce\\x14\\tD\\xd8\\x0f\\x05\\xfe\\xaby_\\x91\\xa8\\x96')]""]}}],""pc"":474},{""type"":""Unsafe delegatecall "",""txs"":[{""testcall(address)"":{""argtype"":[""address""],""argdata"":[""0xdeadbeefdeadbeefdeadbeefdeadbeefdeadbeef""]}}],""pc"":1409}]",60.98522167487685,47.61904761904761
