contract,found vulnerablities,code_coverage,branch_coverage
./data_completion/comple_re/31624.sol,[],45.56701030927835,35.11904761904761
./data_completion/comple_re/24456.sol,"[{""type"":""Assertion failure"",""txs"":[{""History(uint256)"":{""argtype"":[""uint256""],""argdata"":[""69874372554428472100032420758673409225621744546420252316520332141281802057908""]}}],""pc"":710}]",98.00266311584554,88.88888888888889
./data_completion/comple_re/PIGGY_BANK.sol,"[{""type"":""Assertion failure"",""txs"":[{""History(uint256)"":{""argtype"":[""uint256""],""argdata"":[""34529181479293011294544888549170766712998400182356439408624222586975451405937""]}}],""pc"":710}]",99.86684420772303,88.88888888888889
./data_completion/comple_re/reentrancy_dao.sol,"[{""type"":""Transaction order dependency "",""txs"":[{""deposit()"":{""argtype"":[],""argdata"":[]}},{""deposit()"":{""argtype"":[],""argdata"":[]}},{""withdrawAll()"":{""argtype"":[],""argdata"":[]}},{""deposit()"":{""argtype"":[],""argdata"":[]}},{""deposit()"":{""argtype"":[],""argdata"":[]}},{""withdrawAll()"":{""argtype"":[],""argdata"":[]}},{""withdrawAll()"":{""argtype"":[],""argdata"":[]}}],""pc"":225}]",99.39024390243902,91.66666666666666
./data_completion/comple_re/22074.sol,"[{""type"":""Transaction order dependency "",""txs"":[{""00000000"":{""argtype"":[],""argdata"":[]}},{""00000000"":{""argtype"":[],""argdata"":[]}},{""Collect(uint256)"":{""argtype"":[""uint256""],""argdata"":[""2""]}},{""00000000"":{""argtype"":[],""argdata"":[]}},{""00000000"":{""argtype"":[],""argdata"":[]}},{""Collect(uint256)"":{""argtype"":[""uint256""],""argdata"":[""2""]}},{""Collect(uint256)"":{""argtype"":[""uint256""],""argdata"":[""2""]}}],""pc"":118},{""type"":""Transaction order dependency "",""txs"":[{""Collect(uint256)"":{""argtype"":[""uint256""],""argdata"":[""0""]}},{""Collect(uint256)"":{""argtype"":[""uint256""],""argdata"":[""0""]}},{""00000000"":{""argtype"":[],""argdata"":[]}},{""00000000"":{""argtype"":[],""argdata"":[]}},{""Collect(uint256)"":{""argtype"":[""uint256""],""argdata"":[""0""]}}],""pc"":277}]",99.57805907172997,95.45454545454545
./data_completion/comple_re/etherbank.sol,"[{""type"":""Transaction order dependency "",""txs"":[{""withdrawBalance()"":{""argtype"":[],""argdata"":[]}},{""withdrawBalance()"":{""argtype"":[],""argdata"":[]}},{""addToBalance()"":{""argtype"":[],""argdata"":[]}},{""withdrawBalance()"":{""argtype"":[],""argdata"":[]}},{""withdrawBalance()"":{""argtype"":[],""argdata"":[]}},{""addToBalance()"":{""argtype"":[],""argdata"":[]}},{""getBalance(address)"":{""argtype"":[""address""],""argdata"":[""0xcafebabecafebabecafebabecafebabecafebabe""]}}],""pc"":289}]",99.48717948717949,93.75
./data_completion/comple_re/Payee.sol,"[{""type"":""Integer overflow "",""txs"":[{""pay(address,uint256)"":{""argtype"":[""address"",""uint256""],""argdata"":[""0xcafebabecafebabecafebabecafebabecafebabe"",""15492764702450591601313459695466470183305678838508375034987602832500770758574""]}}],""pc"":494},{""type"":""Assertion failure"",""txs"":[{""setPrice(uint256)"":{""argtype"":[""uint256""],""argdata"":[""35627139019248364654694101977941283544889218479098159975166553989955540013181""]}}],""pc"":1094},{""type"":""Assertion failure"",""txs"":[{""setStorageAddress(address)"":{""argtype"":[""address""],""argdata"":[""0xdeadbeefdeadbeefdeadbeefdeadbeefdeadbeef""]}},{""setStorageAddress(address)"":{""argtype"":[""address""],""argdata"":[""0xdeadbeefdeadbeefdeadbeefdeadbeefdeadbeef""]}},{""storageAddress()"":{""argtype"":[],""argdata"":[]}}],""pc"":771}]",99.8581560283688,98.14814814814815
./data_completion/comple_re/etherstore.sol,"[{""type"":""Block dependency "",""txs"":[{""depositFunds()"":{""argtype"":[],""argdata"":[]}},{""depositFunds()"":{""argtype"":[],""argdata"":[]}},{""withdrawFunds(uint256)"":{""argtype"":[""uint256""],""argdata"":[""0""]}}],""pc"":451},{""type"":""Block dependency "",""txs"":[{""withdrawFunds(uint256)"":{""argtype"":[""uint256""],""argdata"":[""0""]}},{""withdrawFunds(uint256)"":{""argtype"":[""uint256""],""argdata"":[""0""]}},{""depositFunds()"":{""argtype"":[],""argdata"":[]}},{""depositFunds()"":{""argtype"":[],""argdata"":[]}},{""withdrawFunds(uint256)"":{""argtype"":[""uint256""],""argdata"":[""0""]}}],""pc"":361},{""type"":""Transaction order dependency "",""txs"":[{""depositFunds()"":{""argtype"":[],""argdata"":[]}},{""depositFunds()"":{""argtype"":[],""argdata"":[]}},{""withdrawFunds(uint256)"":{""argtype"":[""uint256""],""argdata"":[""1""]}},{""depositFunds()"":{""argtype"":[],""argdata"":[]}},{""depositFunds()"":{""argtype"":[],""argdata"":[]}},{""withdrawFunds(uint256)"":{""argtype"":[""uint256""],""argdata"":[""1""]}},{""withdrawFunds(uint256)"":{""argtype"":[""uint256""],""argdata"":[""1""]}}],""pc"":500}]",99.67637540453075,96.42857142857143
./data_completion/comple_re/reentrancy_bonus.sol,"[{""type"":""Leaking ether "",""txs"":[{""getFirstWithdrawalBonus(address)"":{""argtype"":[""address""],""argdata"":[""0xdeadbeefdeadbeefdeadbeefdeadbeefdeadbeef""]}},{""getFirstWithdrawalBonus(address)"":{""argtype"":[""address""],""argdata"":[""0xdeadbeefdeadbeefdeadbeefdeadbeefdeadbeef""]}},{""getFirstWithdrawalBonus(address)"":{""argtype"":[""address""],""argdata"":[""0xcafebabecafebabecafebabecafebabecafebabe""]}},{""getFirstWithdrawalBonus(address)"":{""argtype"":[""address""],""argdata"":[""0xcafebabecafebabecafebabecafebabecafebabe""]}},{""withdrawReward(address)"":{""argtype"":[""address""],""argdata"":[""0xdeadbeefdeadbeefdeadbeefdeadbeefdeadbeef""]}}],""pc"":354}]",99.60629921259843,93.75
./data_completion/comple_re/simple_dao.sol,"[{""type"":""Leaking ether "",""txs"":[{""donate(address)"":{""argtype"":[""address""],""argdata"":[""0xdeadbeefdeadbeefdeadbeefdeadbeefdeadbeef""]}},{""donate(address)"":{""argtype"":[""address""],""argdata"":[""0xdeadbeefdeadbeefdeadbeefdeadbeefdeadbeef""]}},{""queryCredit(address)"":{""argtype"":[""address""],""argdata"":[""0xdeadbeefdeadbeefdeadbeefdeadbeefdeadbeef""]}},{""donate(address)"":{""argtype"":[""address""],""argdata"":[""0xdeadbeefdeadbeefdeadbeefdeadbeefdeadbeef""]}},{""donate(address)"":{""argtype"":[""address""],""argdata"":[""0xdeadbeefdeadbeefdeadbeefdeadbeefdeadbeef""]}},{""queryCredit(address)"":{""argtype"":[""address""],""argdata"":[""0xdeadbeefdeadbeefdeadbeefdeadbeefdeadbeef""]}},{""withdraw(uint256)"":{""argtype"":[""uint256""],""argdata"":[""1""]}}],""pc"":359}]",99.59677419354838,95
./data_completion/comple_re/21755.sol,"[{""type"":""Assertion failure"",""txs"":[{""History(uint256)"":{""argtype"":[""uint256""],""argdata"":[""115792089237316195423570985008687907853269984665640564039457584007913129639933""]}}],""pc"":710}]",94.54061251664447,75
./data_completion/comple_re/reentrancy_cross_function.sol,"[{""type"":""Transaction order dependency "",""txs"":[{""withdrawBalance()"":{""argtype"":[],""argdata"":[]}},{""withdrawBalance()"":{""argtype"":[],""argdata"":[]}},{""transfer(address,uint256)"":{""argtype"":[""address"",""uint256""],""argdata"":[""0xcafebabecafebabecafebabecafebabecafebabe"",""0""]}},{""withdrawBalance()"":{""argtype"":[],""argdata"":[]}},{""withdrawBalance()"":{""argtype"":[],""argdata"":[]}},{""transfer(address,uint256)"":{""argtype"":[""address"",""uint256""],""argdata"":[""0xcafebabecafebabecafebabecafebabecafebabe"",""0""]}},{""transfer(address,uint256)"":{""argtype"":[""address"",""uint256""],""argdata"":[""0xdeadbeefdeadbeefdeadbeefdeadbeefdeadbeef"",""59581980093679279086768809703105175834012429584968028895359003335993266811897""]}}],""pc"":287},{""type"":""Transaction order dependency "",""txs"":[{""withdrawBalance()"":{""argtype"":[],""argdata"":[]}},{""withdrawBalance()"":{""argtype"":[],""argdata"":[]}},{""transfer(address,uint256)"":{""argtype"":[""address"",""uint256""],""argdata"":[""0xcafebabecafebabecafebabecafebabecafebabe"",""0""]}},{""withdrawBalance()"":{""argtype"":[],""argdata"":[]}},{""withdrawBalance()"":{""argtype"":[],""argdata"":[]}},{""transfer(address,uint256)"":{""argtype"":[""address"",""uint256""],""argdata"":[""0xcafebabecafebabecafebabecafebabecafebabe"",""0""]}},{""transfer(address,uint256)"":{""argtype"":[""address"",""uint256""],""argdata"":[""0xdeadbeefdeadbeefdeadbeefdeadbeefdeadbeef"",""59581980093679279086768809703105175834012429584968028895359003335993266811897""]}}],""pc"":299}]",99.4413407821229,92.85714285714286
