contract,found vulnerablities,code_coverage,branch_coverage
./data_completion/comple_io/2018-13227.sol,"[{""type"":""Assertion failure"",""txs"":[{""buy()"":{""argtype"":[],""argdata"":[]}}],""pc"":2394}]",89.50793005286702,83.92857142857143
./data_completion/comple_io/2018-14003.sol,"[{""type"":""Integer overflow "",""txs"":[{""batchTransfer(address[],uint256)"":{""argtype"":[""address[]"",""uint256""],""argdata"":[""['0xdeadbeefdeadbeefdeadbeefdeadbeefdeadbeef', '0xdeadbeefdeadbeefdeadbeefdeadbeefdeadbeef']"",""107506108350052513748025829612510072142287028203969871849276980916851089277654""]}}],""pc"":1694}]",84.64730290456431,82.14285714285714
./data_completion/comple_io/AnyContract.sol,"[{""type"":""Integer overflow "",""txs"":[{""batchWrite(uint256,uint256,string)"":{""argtype"":[""uint256"",""uint256"",""string""],""argdata"":[""115792089237316195423570985008687907853269984665640564039457584007913129639935"",""89042704173367819786803567686320439952384148557622737838749569285227556766797"",""AAAAAAAAAAAAAAAAAAAAAAAAAAAAAAAAA""]}}],""pc"":750},{""type"":""Locking ether "",""txs"":[{""batchWrite(uint256,uint256,string)"":{""argtype"":[""uint256"",""uint256"",""string""],""argdata"":[""0"",""102886268409612309333059160755348547819073082299378989215036845041759304278041"",""A""]}}],""pc"":354}]",87.72919605077574,78.57142857142857
./data_completion/comple_io/2018-13836.sol,"[{""type"":""Integer overflow "",""txs"":[{""setupAirDrop(bool,uint256,uint256)"":{""argtype"":[""bool"",""uint256"",""uint256""],""argdata"":[""False"",""8152867623488600857236890473921108355945990864348214893618552404216797638112"",""2""]}}],""pc"":2412},{""type"":""Integer overflow "",""txs"":[{""setupAirDrop(bool,uint256,uint256)"":{""argtype"":[""bool"",""uint256"",""uint256""],""argdata"":[""False"",""115792089237316195423570985008687907853269984665640564039457584007913129639934"",""92120164489818086506697226528085484641880232423811253056982476397262730018780""]}},{""setupAirDrop(bool,uint256,uint256)"":{""argtype"":[""bool"",""uint256"",""uint256""],""argdata"":[""False"",""115792089237316195423570985008687907853269984665640564039457584007913129639934"",""92120164489818086506697226528085484641880232423811253056982476397262730018780""]}},{""withdrawFunds(address)"":{""argtype"":[""address""],""argdata"":[""0xcafebabecafebabecafebabecafebabecafebabe""]}}],""pc"":2424}]",61.7989417989418,66.94915254237289
./data_completion/comple_io/944.sol,"[{""type"":""Assertion failure"",""txs"":[{""batchVipWithLock(address[],uint256[],bool)"":{""argtype"":[""address[]"",""uint256[]"",""bool""],""argdata"":[""['0xdeadbeefdeadbeefdeadbeefdeadbeefdeadbeef']"",""[]"",""True""]}}],""pc"":3978}]",90.80090061112898,88.26086956521739
./data_completion/comple_io/2018-17050.sol,"[{""type"":""Integer overflow "",""txs"":[{""mintToken(address,uint256)"":{""argtype"":[""address"",""uint256""],""argdata"":[""0xcafebabecafebabecafebabecafebabecafebabe"",""103116447646821052116018525133279448892983401573709979221686600506551655763718""]}},{""mintToken(address,uint256)"":{""argtype"":[""address"",""uint256""],""argdata"":[""0xcafebabecafebabecafebabecafebabecafebabe"",""103116447646821052116018525133279448892983401573709979221686600506551655763718""]}},{""totalSupply()"":{""argtype"":[],""argdata"":[]}}],""pc"":1534},{""type"":""Integer overflow "",""txs"":[{""mintToken(address,uint256)"":{""argtype"":[""address"",""uint256""],""argdata"":[""0xcafebabecafebabecafebabecafebabecafebabe"",""103116447646821052116018525133279448892983401573709979221686600506551655763718""]}},{""mintToken(address,uint256)"":{""argtype"":[""address"",""uint256""],""argdata"":[""0xcafebabecafebabecafebabecafebabecafebabe"",""103116447646821052116018525133279448892983401573709979221686600506551655763718""]}},{""totalSupply()"":{""argtype"":[],""argdata"":[]}}],""pc"":1542}]",90.37493005036373,83.33333333333334
./data_completion/comple_io/2018-12230.sol,"[{""type"":""Integer overflow "",""txs"":[{""transferOwnership(address)"":{""argtype"":[""address""],""argdata"":[""0xcafebabecafebabecafebabecafebabecafebabe""]}},{""transferOwnership(address)"":{""argtype"":[""address""],""argdata"":[""0xcafebabecafebabecafebabecafebabecafebabe""]}},{""mintToken(address,uint256)"":{""argtype"":[""address"",""uint256""],""argdata"":[""0xcafebabecafebabecafebabecafebabecafebabe"",""115792089237316195423570985008687907853269984665640564039457584007913129639933""]}},{""transferOwnership(address)"":{""argtype"":[""address""],""argdata"":[""0xcafebabecafebabecafebabecafebabecafebabe""]}},{""transferOwnership(address)"":{""argtype"":[""address""],""argdata"":[""0xcafebabecafebabecafebabecafebabecafebabe""]}},{""mintToken(address,uint256)"":{""argtype"":[""address"",""uint256""],""argdata"":[""0xcafebabecafebabecafebabecafebabecafebabe"",""115792089237316195423570985008687907853269984665640564039457584007913129639933""]}},{""balanceOf(address)"":{""argtype"":[""address""],""argdata"":[""0xcafebabecafebabecafebabecafebabecafebabe""]}}],""pc"":1757},{""type"":""Integer overflow "",""txs"":[{""transferOwnership(address)"":{""argtype"":[""address""],""argdata"":[""0xcafebabecafebabecafebabecafebabecafebabe""]}},{""transferOwnership(address)"":{""argtype"":[""address""],""argdata"":[""0xcafebabecafebabecafebabecafebabecafebabe""]}},{""mintToken(address,uint256)"":{""argtype"":[""address"",""uint256""],""argdata"":[""0xcafebabecafebabecafebabecafebabecafebabe"",""115792089237316195423570985008687907853269984665640564039457584007913129639933""]}},{""transferOwnership(address)"":{""argtype"":[""address""],""argdata"":[""0xcafebabecafebabecafebabecafebabecafebabe""]}},{""transferOwnership(address)"":{""argtype"":[""address""],""argdata"":[""0xcafebabecafebabecafebabecafebabecafebabe""]}},{""mintToken(address,uint256)"":{""argtype"":[""address"",""uint256""],""argdata"":[""0xcafebabecafebabecafebabecafebabecafebabe"",""115792089237316195423570985008687907853269984665640564039457584007913129639933""]}},{""balanceOf(address)"":{""argtype"":[""address""],""argdata"":[""0xcafebabecafebabecafebabecafebabecafebabe""]}}],""pc"":1765}]",91.40341791817711,94.0677966101695
./data_completion/comple_io/0x0208a56ea43c3ff6c2611071948794c2674a16b9_2.sol,"[{""type"":""Unprotected selfdestruct"",""txs"":[{""kill()"":{""argtype"":[],""argdata"":[]}}],""pc"":1635},{""type"":""Integer overflow "",""txs"":[{""transferOwnership(address)"":{""argtype"":[""address""],""argdata"":[""0xdeadbeefdeadbeefdeadbeefdeadbeefdeadbeef""]}},{""transferOwnership(address)"":{""argtype"":[""address""],""argdata"":[""0xdeadbeefdeadbeefdeadbeefdeadbeefdeadbeef""]}},{""mineToken(uint256)"":{""argtype"":[""uint256""],""argdata"":[""27942405962072065""]}},{""transferOwnership(address)"":{""argtype"":[""address""],""argdata"":[""0xdeadbeefdeadbeefdeadbeefdeadbeefdeadbeef""]}},{""transferOwnership(address)"":{""argtype"":[""address""],""argdata"":[""0xdeadbeefdeadbeefdeadbeefdeadbeefdeadbeef""]}},{""mineToken(uint256)"":{""argtype"":[""uint256""],""argdata"":[""27942405962072065""]}},{""mineToken(uint256)"":{""argtype"":[""uint256""],""argdata"":[""115792089237316195423570985008687907853269984665640564039457584007913129639935""]}}],""pc"":1500},{""type"":""Integer overflow "",""txs"":[{""transferOwnership(address)"":{""argtype"":[""address""],""argdata"":[""0xdeadbeefdeadbeefdeadbeefdeadbeefdeadbeef""]}},{""transferOwnership(address)"":{""argtype"":[""address""],""argdata"":[""0xdeadbeefdeadbeefdeadbeefdeadbeefdeadbeef""]}},{""mineToken(uint256)"":{""argtype"":[""uint256""],""argdata"":[""27942405962072065""]}},{""transferOwnership(address)"":{""argtype"":[""address""],""argdata"":[""0xdeadbeefdeadbeefdeadbeefdeadbeefdeadbeef""]}},{""transferOwnership(address)"":{""argtype"":[""address""],""argdata"":[""0xdeadbeefdeadbeefdeadbeefdeadbeefdeadbeef""]}},{""mineToken(uint256)"":{""argtype"":[""uint256""],""argdata"":[""27942405962072065""]}},{""mineToken(uint256)"":{""argtype"":[""uint256""],""argdata"":[""115792089237316195423570985008687907853269984665640564039457584007913129639935""]}}],""pc"":1517},{""type"":""Integer overflow "",""txs"":[{""transferOwnership(address)"":{""argtype"":[""address""],""argdata"":[""0xdeadbeefdeadbeefdeadbeefdeadbeefdeadbeef""]}},{""transferOwnership(address)"":{""argtype"":[""address""],""argdata"":[""0xdeadbeefdeadbeefdeadbeefdeadbeefdeadbeef""]}},{""mineToken(uint256)"":{""argtype"":[""uint256""],""argdata"":[""27942405962072065""]}},{""transferOwnership(address)"":{""argtype"":[""address""],""argdata"":[""0xdeadbeefdeadbeefdeadbeefdeadbeefdeadbeef""]}},{""transferOwnership(address)"":{""argtype"":[""address""],""argdata"":[""0xdeadbeefdeadbeefdeadbeefdeadbeefdeadbeef""]}},{""mineToken(uint256)"":{""argtype"":[""uint256""],""argdata"":[""27942405962072065""]}},{""mineToken(uint256)"":{""argtype"":[""uint256""],""argdata"":[""115792089237316195423570985008687907853269984665640564039457584007913129639935""]}}],""pc"":1555}]",99.80756895445798,96.15384615384616
./data_completion/comple_io/2018-14006.sol,"[{""type"":""Integer overflow "",""txs"":[{""multipleTransfer(address[],uint256)"":{""argtype"":[""address[]"",""uint256""],""argdata"":[""['0xcafebabecafebabecafebabecafebabecafebabe', '0xdeadbeefdeadbeefdeadbeefdeadbeefdeadbeef']"",""115792089237316195423570985008687907853269984665640564039457584007913129639934""]}}],""pc"":2859},{""type"":""Integer overflow "",""txs"":[{""multipleTransfer(address[],uint256)"":{""argtype"":[""address[]"",""uint256""],""argdata"":[""['0xcafebabecafebabecafebabecafebabecafebabe', '0xdeadbeefdeadbeefdeadbeefdeadbeefdeadbeef']"",""115792089237316195423570985008687907853269984665640564039457584007913129639934""]}}],""pc"":2892},{""type"":""Integer overflow "",""txs"":[{""decreaseApproval(address,uint256)"":{""argtype"":[""address"",""uint256""],""argdata"":[""0xcafebabecafebabecafebabecafebabecafebabe"",""115792089237316195423570985008687907853269984665640564039457584007913129639935""]}},{""decreaseApproval(address,uint256)"":{""argtype"":[""address"",""uint256""],""argdata"":[""0xcafebabecafebabecafebabecafebabecafebabe"",""115792089237316195423570985008687907853269984665640564039457584007913129639935""]}},{""increaseApproval(address,uint256)"":{""argtype"":[""address"",""uint256""],""argdata"":[""0xdeadbeefdeadbeefdeadbeefdeadbeefdeadbeef"",""99588538294130109159096605809892956950763497429401975461409070437976232300909""]}},{""increaseApproval(address,uint256)"":{""argtype"":[""address"",""uint256""],""argdata"":[""0xdeadbeefdeadbeefdeadbeefdeadbeefdeadbeef"",""99588538294130109159096605809892956950763497429401975461409070437976232300909""]}},{""approveAndCall(address,uint256,bytes)"":{""argtype"":[""address"",""address"",""uint256"",""bool"",""bytes""],""argdata"":[""0xcafebabecafebabecafebabecafebabecafebabe"",""0xdeadbeefdeadbeefdeadbeefdeadbeefdeadbeef"",""9112313933886398166626876881120659375972252512049234277271331603924123130137"",""False"",""bytearray(b'')""]}}],""pc"":3624}]",70.02665374363944,70.83333333333334
./data_completion/comple_io/tokensalechallenge.sol,"[{""type"":""Integer overflow "",""txs"":[{""buy(uint256)"":{""argtype"":[""uint256""],""argdata"":[""65367743296746787893162256006465633622449855246452512330920720469595138407016""]}}],""pc"":289},{""type"":""Integer overflow "",""txs"":[{""buy(uint256)"":{""argtype"":[""uint256""],""argdata"":[""441711766194596082395824375185729628956870974218904739530401550323154944""]}},{""buy(uint256)"":{""argtype"":[""uint256""],""argdata"":[""441711766194596082395824375185729628956870974218904739530401550323154944""]}},{""sell(uint256)"":{""argtype"":[""uint256""],""argdata"":[""119096165147401101352129801900075375065602090699016229686786196417""]}}],""pc"":386},{""type"":""Transaction order dependency "",""txs"":[{""sell(uint256)"":{""argtype"":[""uint256""],""argdata"":[""0""]}},{""sell(uint256)"":{""argtype"":[""uint256""],""argdata"":[""0""]}},{""sell(uint256)"":{""argtype"":[""uint256""],""argdata"":[""0""]}},{""sell(uint256)"":{""argtype"":[""uint256""],""argdata"":[""0""]}},{""buy(uint256)"":{""argtype"":[""uint256""],""argdata"":[""441711766194596082395824375185729628956870974218904739530401550323154944""]}}],""pc"":374}]",99.62406015037594,95.45454545454545
./data_completion/comple_io/34.sol,"[{""type"":""Integer overflow "",""txs"":[{""mintToken(address,uint256)"":{""argtype"":[""address"",""uint256""],""argdata"":[""0xdeadbeefdeadbeefdeadbeefdeadbeefdeadbeef"",""107587131157622562976254202416477610257627603358065679859793770197216171822107""]}},{""mintToken(address,uint256)"":{""argtype"":[""address"",""uint256""],""argdata"":[""0xdeadbeefdeadbeefdeadbeefdeadbeefdeadbeef"",""107587131157622562976254202416477610257627603358065679859793770197216171822107""]}},{""transfer(address,uint256)"":{""argtype"":[""address"",""uint256""],""argdata"":[""0xcafebabecafebabecafebabecafebabecafebabe"",""2""]}}],""pc"":1751},{""type"":""Integer overflow "",""txs"":[{""mintToken(address,uint256)"":{""argtype"":[""address"",""uint256""],""argdata"":[""0xdeadbeefdeadbeefdeadbeefdeadbeefdeadbeef"",""107587131157622562976254202416477610257627603358065679859793770197216171822107""]}},{""mintToken(address,uint256)"":{""argtype"":[""address"",""uint256""],""argdata"":[""0xdeadbeefdeadbeefdeadbeefdeadbeefdeadbeef"",""107587131157622562976254202416477610257627603358065679859793770197216171822107""]}},{""transfer(address,uint256)"":{""argtype"":[""address"",""uint256""],""argdata"":[""0xcafebabecafebabecafebabecafebabecafebabe"",""2""]}}],""pc"":1759},{""type"":""Integer overflow "",""txs"":[{""mintToken(address,uint256)"":{""argtype"":[""address"",""uint256""],""argdata"":[""0xdeadbeefdeadbeefdeadbeefdeadbeefdeadbeef"",""115792089237316195423570985008687907853269984665640564039457584007913129639935""]}},{""mintToken(address,uint256)"":{""argtype"":[""address"",""uint256""],""argdata"":[""0xdeadbeefdeadbeefdeadbeefdeadbeefdeadbeef"",""115792089237316195423570985008687907853269984665640564039457584007913129639935""]}},{""burn(uint256)"":{""argtype"":[""uint256""],""argdata"":[""7822557786293603612332769841960632229776968566035786166129065892557918154584""]}},{""mintToken(address,uint256)"":{""argtype"":[""address"",""uint256""],""argdata"":[""0xdeadbeefdeadbeefdeadbeefdeadbeefdeadbeef"",""115792089237316195423570985008687907853269984665640564039457584007913129639935""]}},{""mintToken(address,uint256)"":{""argtype"":[""address"",""uint256""],""argdata"":[""0xdeadbeefdeadbeefdeadbeefdeadbeefdeadbeef"",""115792089237316195423570985008687907853269984665640564039457584007913129639935""]}},{""burn(uint256)"":{""argtype"":[""uint256""],""argdata"":[""7822557786293603612332769841960632229776968566035786166129065892557918154584""]}},{""burnFrom(address,uint256)"":{""argtype"":[""address"",""uint256""],""argdata"":[""0xcafebabecafebabecafebabecafebabecafebabe"",""0""]}}],""pc"":1529}]",94.61358313817331,85.71428571428571
./data_completion/comple_io/BECToken.sol,"[{""type"":""Integer overflow "",""txs"":[{""pause()"":{""argtype"":[],""argdata"":[]}},{""pause()"":{""argtype"":[],""argdata"":[]}},{""owner()"":{""argtype"":[],""argdata"":[]}},{""pause()"":{""argtype"":[],""argdata"":[]}},{""pause()"":{""argtype"":[],""argdata"":[]}},{""owner()"":{""argtype"":[],""argdata"":[]}},{""batchTransfer(address[],uint256)"":{""argtype"":[""address[]"",""uint256""],""argdata"":[""['0x0000000000000000000000000000000000000001', '0xcafebabecafebabecafebabecafebabecafebabe']"",""63133841807490852413404380483608105752998210954360881693226598605149257564043""]}}],""pc"":1524}]",87.47357293868922,88.80597014925374
./data_completion/comple_io/2018-13202.sol,"[{""type"":""Assertion failure"",""txs"":[{""buy()"":{""argtype"":[],""argdata"":[]}}],""pc"":2247},{""type"":""Integer overflow "",""txs"":[{""mintToken(address,uint256)"":{""argtype"":[""address"",""uint256""],""argdata"":[""0xcafebabecafebabecafebabecafebabecafebabe"",""115792089237316195423570985008687907853269984665640564039457584007913129639935""]}},{""mintToken(address,uint256)"":{""argtype"":[""address"",""uint256""],""argdata"":[""0xcafebabecafebabecafebabecafebabecafebabe"",""115792089237316195423570985008687907853269984665640564039457584007913129639935""]}},{""burn(uint256)"":{""argtype"":[""uint256""],""argdata"":[""2""]}}],""pc"":2029},{""type"":""Integer overflow "",""txs"":[{""mintToken(address,uint256)"":{""argtype"":[""address"",""uint256""],""argdata"":[""0xcafebabecafebabecafebabecafebabecafebabe"",""115792089237316195423570985008687907853269984665640564039457584007913129639935""]}},{""mintToken(address,uint256)"":{""argtype"":[""address"",""uint256""],""argdata"":[""0xcafebabecafebabecafebabecafebabecafebabe"",""115792089237316195423570985008687907853269984665640564039457584007913129639935""]}},{""burn(uint256)"":{""argtype"":[""uint256""],""argdata"":[""2""]}}],""pc"":2037}]",88.6518771331058,82.89473684210526
./data_completion/comple_io/385.sol,[],99.71850809289234,93.75
./data_completion/comple_io/2018-14001.sol,"[{""type"":""Integer overflow "",""txs"":[{""airDrop(address[],uint256)"":{""argtype"":[""address[]"",""uint256""],""argdata"":[""['0xdeadbeefdeadbeefdeadbeefdeadbeefdeadbeef', '0xdeadbeefdeadbeefdeadbeefdeadbeefdeadbeef']"",""76426524379484928422560214627913941267073118710273176684902584810107759668411""]}}],""pc"":2884},{""type"":""Integer overflow "",""txs"":[{""changePrice(uint256)"":{""argtype"":[""uint256""],""argdata"":[""36911419178961429364372349095743548408742563742200876347727997687941724240803""]}},{""changePrice(uint256)"":{""argtype"":[""uint256""],""argdata"":[""36911419178961429364372349095743548408742563742200876347727997687941724240803""]}},{""Sell(uint256)"":{""argtype"":[""uint256""],""argdata"":[""115792089237316195423570985008687907853269984665640564039457584007913129639934""]}}],""pc"":1931},{""type"":""Integer overflow "",""txs"":[{""changePrice(uint256)"":{""argtype"":[""uint256""],""argdata"":[""115792089237316195423570985008687907853269984665640564039457584007913129639934""]}},{""changePrice(uint256)"":{""argtype"":[""uint256""],""argdata"":[""115792089237316195423570985008687907853269984665640564039457584007913129639934""]}},{""Sell(uint256)"":{""argtype"":[""uint256""],""argdata"":[""1""]}},{""changePrice(uint256)"":{""argtype"":[""uint256""],""argdata"":[""115792089237316195423570985008687907853269984665640564039457584007913129639934""]}},{""changePrice(uint256)"":{""argtype"":[""uint256""],""argdata"":[""115792089237316195423570985008687907853269984665640564039457584007913129639934""]}},{""Sell(uint256)"":{""argtype"":[""uint256""],""argdata"":[""1""]}},{""Buy()"":{""argtype"":[],""argdata"":[]}}],""pc"":2440}]",73.2702837232454,77.61194029850746
./data_completion/comple_io/2018-11411.sol,[],98.4443061605476,90.56603773584906
./data_completion/comple_io/2018-13703.sol,"[{""type"":""Integer overflow "",""txs"":[{""sellOffline(address,uint256)"":{""argtype"":[""address"",""uint256""],""argdata"":[""0xcafebabecafebabecafebabecafebabecafebabe"",""11076788825132314656649613861327048894243896965597129138114390056099834238993""]}}],""pc"":3638},{""type"":""Integer overflow "",""txs"":[{""mintToken(uint256)"":{""argtype"":[""uint256""],""argdata"":[""115792089237316195423570985008687907853269984665640564039457584007913129639933""]}}],""pc"":3216},{""type"":""Integer overflow "",""txs"":[{""mintToken(uint256)"":{""argtype"":[""uint256""],""argdata"":[""115792089237316195423570985008687907853269984665640564039457584007913129639933""]}}],""pc"":3225},{""type"":""Leaking ether "",""txs"":[{""transferOwnership(address)"":{""argtype"":[""address""],""argdata"":[""0xdeadbeefdeadbeefdeadbeefdeadbeefdeadbeef""]}},{""transferOwnership(address)"":{""argtype"":[""address""],""argdata"":[""0xdeadbeefdeadbeefdeadbeefdeadbeefdeadbeef""]}},{""owner()"":{""argtype"":[],""argdata"":[]}},{""transferOwnership(address)"":{""argtype"":[""address""],""argdata"":[""0xdeadbeefdeadbeefdeadbeefdeadbeefdeadbeef""]}},{""transferOwnership(address)"":{""argtype"":[""address""],""argdata"":[""0xdeadbeefdeadbeefdeadbeefdeadbeefdeadbeef""]}},{""owner()"":{""argtype"":[],""argdata"":[]}},{""withdraw_all()"":{""argtype"":[],""argdata"":[]}}],""pc"":3952}]",85.3829043533524,85.44776119402985
./data_completion/comple_io/0x3f30a9ac5f4d9cccfe0331948f5a8f5df1ba3856_1.sol,"[{""type"":""Assertion failure"",""txs"":[{""buy()"":{""argtype"":[],""argdata"":[]}}],""pc"":2203},{""type"":""Integer overflow "",""txs"":[{""mintToken(address,uint256)"":{""argtype"":[""address"",""uint256""],""argdata"":[""0xcafebabecafebabecafebabecafebabecafebabe"",""112437571487608817065507838133021538003041275624004650827862124097350815776876""]}},{""mintToken(address,uint256)"":{""argtype"":[""address"",""uint256""],""argdata"":[""0xcafebabecafebabecafebabecafebabecafebabe"",""112437571487608817065507838133021538003041275624004650827862124097350815776876""]}},{""burn(uint256)"":{""argtype"":[""uint256""],""argdata"":[""83256714095664693446943241381254500062742218774848699926045150844576538549425""]}}],""pc"":1807},{""type"":""Integer overflow "",""txs"":[{""mintToken(address,uint256)"":{""argtype"":[""address"",""uint256""],""argdata"":[""0xcafebabecafebabecafebabecafebabecafebabe"",""112437571487608817065507838133021538003041275624004650827862124097350815776876""]}},{""mintToken(address,uint256)"":{""argtype"":[""address"",""uint256""],""argdata"":[""0xcafebabecafebabecafebabecafebabecafebabe"",""112437571487608817065507838133021538003041275624004650827862124097350815776876""]}},{""burn(uint256)"":{""argtype"":[""uint256""],""argdata"":[""83256714095664693446943241381254500062742218774848699926045150844576538549425""]}}],""pc"":1815},{""type"":""Integer overflow "",""txs"":[{""setPrices(uint256,uint256)"":{""argtype"":[""uint256"",""uint256""],""argdata"":[""115792089237316195423570985008687907853269984665640564039457584007913129639935"",""115792089237316195423570985008687907853269984665640564039457584007913129639933""]}},{""setPrices(uint256,uint256)"":{""argtype"":[""uint256"",""uint256""],""argdata"":[""115792089237316195423570985008687907853269984665640564039457584007913129639935"",""115792089237316195423570985008687907853269984665640564039457584007913129639933""]}},{""buyPrice()"":{""argtype"":[],""argdata"":[]}},{""setPrices(uint256,uint256)"":{""argtype"":[""uint256"",""uint256""],""argdata"":[""115792089237316195423570985008687907853269984665640564039457584007913129639935"",""115792089237316195423570985008687907853269984665640564039457584007913129639933""]}},{""setPrices(uint256,uint256)"":{""argtype"":[""uint256"",""uint256""],""argdata"":[""115792089237316195423570985008687907853269984665640564039457584007913129639935"",""115792089237316195423570985008687907853269984665640564039457584007913129639933""]}},{""buyPrice()"":{""argtype"":[],""argdata"":[]}},{""sell(uint256)"":{""argtype"":[""uint256""],""argdata"":[""390381024645010626330737284537322604728099912383384772494169220373395553762""]}}],""pc"":2581}]",92.47910863509749,87.5
./data_completion/comple_io/ETHLightToken.sol,"[{""type"":""Locking ether "",""txs"":[{""00000000"":{""argtype"":[],""argdata"":[]}}],""pc"":229}]",97.1875,90.47619047619048
./data_completion/comple_io/33.sol,[],92.96740994854203,81.81818181818183
./data_completion/comple_io/544.sol,"[{""type"":""Integer overflow "",""txs"":[{""burn(uint256)"":{""argtype"":[""uint256""],""argdata"":[""2""]}},{""burn(uint256)"":{""argtype"":[""uint256""],""argdata"":[""2""]}},{""inflat(uint256)"":{""argtype"":[""uint256""],""argdata"":[""115792089237316195423570985008687907853269984665640564039457584007913129639934""]}}],""pc"":1325}]",99.90503323836657,97.05882352941177
